./generated/ros_ws/build/safedrive_carla_bridge/package.xml	/mnt/e/autonomous driving/safedrive_foundry/ros_ws/src/safedrive_carla_bridge/package.xml
./generated/ros_ws/build/safedrive_carla_bridge/resource/safedrive_carla_bridge	/mnt/e/autonomous driving/safedrive_foundry/ros_ws/src/safedrive_carla_bridge/resource/safedrive_carla_bridge
./generated/ros_ws/build/safedrive_carla_bridge/safedrive_carla_bridge	/mnt/e/autonomous driving/safedrive_foundry/ros_ws/src/safedrive_carla_bridge/safedrive_carla_bridge
./generated/ros_ws/build/safedrive_carla_bridge/setup.cfg	/mnt/e/autonomous driving/safedrive_foundry/ros_ws/src/safedrive_carla_bridge/setup.cfg
./generated/ros_ws/build/safedrive_carla_bridge/setup.py	/mnt/e/autonomous driving/safedrive_foundry/ros_ws/src/safedrive_carla_bridge/setup.py
./generated/ros_ws/build/safedrive_classic_stack/package.xml	/mnt/e/autonomous driving/safedrive_foundry/ros_ws/src/safedrive_classic_stack/package.xml
./generated/ros_ws/build/safedrive_classic_stack/resource/safedrive_classic_stack	/mnt/e/autonomous driving/safedrive_foundry/ros_ws/src/safedrive_classic_stack/resource/safedrive_classic_stack
./generated/ros_ws/build/safedrive_classic_stack/safedrive_classic_stack	/mnt/e/autonomous driving/safedrive_foundry/ros_ws/src/safedrive_classic_stack/safedrive_classic_stack
./generated/ros_ws/build/safedrive_classic_stack/setup.cfg	/mnt/e/autonomous driving/safedrive_foundry/ros_ws/src/safedrive_classic_stack/setup.cfg
./generated/ros_ws/build/safedrive_classic_stack/setup.py	/mnt/e/autonomous driving/safedrive_foundry/ros_ws/src/safedrive_classic_stack/setup.py
./generated/ros_ws/install/safedrive_carla_bridge/share/ament_index/resource_index/packages/safedrive_carla_bridge	/mnt/e/autonomous driving/safedrive_foundry/ros_ws/build/safedrive_carla_bridge/resource/safedrive_carla_bridge
./generated/ros_ws/install/safedrive_carla_bridge/share/safedrive_carla_bridge/package.xml	/mnt/e/autonomous driving/safedrive_foundry/ros_ws/build/safedrive_carla_bridge/package.xml
./generated/ros_ws/install/safedrive_classic_stack/share/ament_index/resource_index/packages/safedrive_classic_stack	/mnt/e/autonomous driving/safedrive_foundry/ros_ws/build/safedrive_classic_stack/resource/safedrive_classic_stack
./generated/ros_ws/install/safedrive_classic_stack/share/safedrive_classic_stack/package.xml	/mnt/e/autonomous driving/safedrive_foundry/ros_ws/build/safedrive_classic_stack/package.xml
./generated/ros_ws/log/latest	latest_build
./generated/ros_ws/log/latest_build	build_2026-07-13_07-59-32
./legacy-active/docs/runtime-evidence/r2-v3-formal/calibration-360-v46-combined/r2v3-cal-Town03-crossing_turn_yield-hard-seed_a	../calibration-pilot-v26-teacher/r2v3-cal-Town03-crossing_turn_yield-hard-seed_a
./legacy-active/docs/runtime-evidence/r2-v3-formal/calibration-360-v46-combined/r2v3-cal-Town03-crossing_turn_yield-hard-seed_b	../calibration-pilot-v26-teacher/r2v3-cal-Town03-crossing_turn_yield-hard-seed_b
./legacy-active/docs/runtime-evidence/r2-v3-formal/calibration-360-v46-combined/r2v3-cal-Town03-crossing_turn_yield-medium-seed_a	../calibration-pilot-v26-teacher/r2v3-cal-Town03-crossing_turn_yield-medium-seed_a
./legacy-active/docs/runtime-evidence/r2-v3-formal/calibration-360-v46-combined/r2v3-cal-Town03-crossing_turn_yield-medium-seed_b	../calibration-pilot-v26-teacher/r2v3-cal-Town03-crossing_turn_yield-medium-seed_b
./legacy-active/docs/runtime-evidence/r2-v3-formal/calibration-360-v46-combined/r2v3-cal-Town03-crossing_turn_yield-mild-seed_a	../calibration-pilot-v26-teacher/r2v3-cal-Town03-crossing_turn_yield-mild-seed_a
./legacy-active/docs/runtime-evidence/r2-v3-formal/calibration-360-v46-combined/r2v3-cal-Town03-crossing_turn_yield-mild-seed_b	../calibration-pilot-v26-teacher/r2v3-cal-Town03-crossing_turn_yield-mild-seed_b
./legacy-active/docs/runtime-evidence/r2-v3-formal/calibration-360-v46-combined/r2v3-cal-Town03-cut_in_left-hard-seed_a	../calibration-pilot-v26-teacher/r2v3-cal-Town03-cut_in_left-hard-seed_a
./legacy-active/docs/runtime-evidence/r2-v3-formal/calibration-360-v46-combined/r2v3-cal-Town03-cut_in_left-hard-seed_b	../calibration-pilot-v26-teacher/r2v3-cal-Town03-cut_in_left-hard-seed_b
./legacy-active/docs/runtime-evidence/r2-v3-formal/calibration-360-v46-combined/r2v3-cal-Town03-cut_in_left-medium-seed_a	../calibration-pilot-v26-teacher/r2v3-cal-Town03-cut_in_left-medium-seed_a
./legacy-active/docs/runtime-evidence/r2-v3-formal/calibration-360-v46-combined/r2v3-cal-Town03-cut_in_left-medium-seed_b	../calibration-pilot-v26-teacher/r2v3-cal-Town03-cut_in_left-medium-seed_b
./legacy-active/docs/runtime-evidence/r2-v3-formal/calibration-360-v46-combined/r2v3-cal-Town03-cut_in_left-mild-seed_a	../calibration-pilot-v26-teacher/r2v3-cal-Town03-cut_in_left-mild-seed_a
./legacy-active/docs/runtime-evidence/r2-v3-formal/calibration-360-v46-combined/r2v3-cal-Town03-cut_in_left-mild-seed_b	../calibration-pilot-v26-teacher/r2v3-cal-Town03-cut_in_left-mild-seed_b
./legacy-active/docs/runtime-evidence/r2-v3-formal/calibration-360-v46-combined/r2v3-cal-Town03-cut_in_right-hard-seed_a	../calibration-pilot-v26-teacher/r2v3-cal-Town03-cut_in_right-hard-seed_a
./legacy-active/docs/runtime-evidence/r2-v3-formal/calibration-360-v46-combined/r2v3-cal-Town03-cut_in_right-hard-seed_b	../calibration-pilot-v26-teacher/r2v3-cal-Town03-cut_in_right-hard-seed_b
./legacy-active/docs/runtime-evidence/r2-v3-formal/calibration-360-v46-combined/r2v3-cal-Town03-cut_in_right-medium-seed_a	../calibration-pilot-v26-teacher/r2v3-cal-Town03-cut_in_right-medium-seed_a
./legacy-active/docs/runtime-evidence/r2-v3-formal/calibration-360-v46-combined/r2v3-cal-Town03-cut_in_right-medium-seed_b	../calibration-pilot-v26-teacher/r2v3-cal-Town03-cut_in_right-medium-seed_b
./legacy-active/docs/runtime-evidence/r2-v3-formal/calibration-360-v46-combined/r2v3-cal-Town03-cut_in_right-mild-seed_a	../calibration-pilot-v26-teacher/r2v3-cal-Town03-cut_in_right-mild-seed_a
./legacy-active/docs/runtime-evidence/r2-v3-formal/calibration-360-v46-combined/r2v3-cal-Town03-cut_in_right-mild-seed_b	../calibration-pilot-v26-teacher/r2v3-cal-Town03-cut_in_right-mild-seed_b
./legacy-active/docs/runtime-evidence/r2-v3-formal/calibration-360-v46-combined/r2v3-cal-Town03-follow_stop-hard-seed_a	../calibration-pilot-v26-teacher/r2v3-cal-Town03-follow_stop-hard-seed_a
./legacy-active/docs/runtime-evidence/r2-v3-formal/calibration-360-v46-combined/r2v3-cal-Town03-follow_stop-hard-seed_b	../calibration-pilot-v26-teacher/r2v3-cal-Town03-follow_stop-hard-seed_b
./legacy-active/docs/runtime-evidence/r2-v3-formal/calibration-360-v46-combined/r2v3-cal-Town03-follow_stop-medium-seed_a	../calibration-pilot-v26-teacher/r2v3-cal-Town03-follow_stop-medium-seed_a
./legacy-active/docs/runtime-evidence/r2-v3-formal/calibration-360-v46-combined/r2v3-cal-Town03-follow_stop-medium-seed_b	../calibration-pilot-v26-teacher/r2v3-cal-Town03-follow_stop-medium-seed_b
./legacy-active/docs/runtime-evidence/r2-v3-formal/calibration-360-v46-combined/r2v3-cal-Town03-follow_stop-mild-seed_a	../calibration-pilot-v26-teacher/r2v3-cal-Town03-follow_stop-mild-seed_a
./legacy-active/docs/runtime-evidence/r2-v3-formal/calibration-360-v46-combined/r2v3-cal-Town03-follow_stop-mild-seed_b	../calibration-pilot-v26-teacher/r2v3-cal-Town03-follow_stop-mild-seed_b
./legacy-active/docs/runtime-evidence/r2-v3-formal/calibration-360-v46-combined/r2v3-cal-Town03-junction_straight-hard-seed_a	../calibration-pilot-v26-teacher/r2v3-cal-Town03-junction_straight-hard-seed_a
./legacy-active/docs/runtime-evidence/r2-v3-formal/calibration-360-v46-combined/r2v3-cal-Town03-junction_straight-hard-seed_b	../calibration-pilot-v26-teacher/r2v3-cal-Town03-junction_straight-hard-seed_b
./legacy-active/docs/runtime-evidence/r2-v3-formal/calibration-360-v46-combined/r2v3-cal-Town03-junction_straight-medium-seed_a	../calibration-pilot-v26-teacher/r2v3-cal-Town03-junction_straight-medium-seed_a
./legacy-active/docs/runtime-evidence/r2-v3-formal/calibration-360-v46-combined/r2v3-cal-Town03-junction_straight-medium-seed_b	../calibration-pilot-v26-teacher/r2v3-cal-Town03-junction_straight-medium-seed_b
./legacy-active/docs/runtime-evidence/r2-v3-formal/calibration-360-v46-combined/r2v3-cal-Town03-junction_straight-mild-seed_a	../calibration-pilot-v26-teacher/r2v3-cal-Town03-junction_straight-mild-seed_a
./legacy-active/docs/runtime-evidence/r2-v3-formal/calibration-360-v46-combined/r2v3-cal-Town03-junction_straight-mild-seed_b	../calibration-pilot-v26-teacher/r2v3-cal-Town03-junction_straight-mild-seed_b
./legacy-active/docs/runtime-evidence/r2-v3-formal/calibration-360-v46-combined/r2v3-cal-Town03-merge_yield-hard-seed_a	../calibration-pilot-v26-teacher/r2v3-cal-Town03-merge_yield-hard-seed_a
./legacy-active/docs/runtime-evidence/r2-v3-formal/calibration-360-v46-combined/r2v3-cal-Town03-merge_yield-hard-seed_b	../calibration-pilot-v26-teacher/r2v3-cal-Town03-merge_yield-hard-seed_b
./legacy-active/docs/runtime-evidence/r2-v3-formal/calibration-360-v46-combined/r2v3-cal-Town03-merge_yield-medium-seed_a	../calibration-pilot-v26-teacher/r2v3-cal-Town03-merge_yield-medium-seed_a
./legacy-active/docs/runtime-evidence/r2-v3-formal/calibration-360-v46-combined/r2v3-cal-Town03-merge_yield-medium-seed_b	../calibration-pilot-v26-teacher/r2v3-cal-Town03-merge_yield-medium-seed_b
./legacy-active/docs/runtime-evidence/r2-v3-formal/calibration-360-v46-combined/r2v3-cal-Town03-merge_yield-mild-seed_a	../calibration-pilot-v26-teacher/r2v3-cal-Town03-merge_yield-mild-seed_a
./legacy-active/docs/runtime-evidence/r2-v3-formal/calibration-360-v46-combined/r2v3-cal-Town03-merge_yield-mild-seed_b	../calibration-pilot-v26-teacher/r2v3-cal-Town03-merge_yield-mild-seed_b
./legacy-active/docs/runtime-evidence/r2-v3-formal/calibration-360-v46-combined/r2v3-cal-Town03-overtake_left-hard-seed_a	../calibration-pilot-v26-teacher/r2v3-cal-Town03-overtake_left-hard-seed_a
./legacy-active/docs/runtime-evidence/r2-v3-formal/calibration-360-v46-combined/r2v3-cal-Town03-overtake_left-hard-seed_b	../calibration-pilot-v26-teacher/r2v3-cal-Town03-overtake_left-hard-seed_b
./legacy-active/docs/runtime-evidence/r2-v3-formal/calibration-360-v46-combined/r2v3-cal-Town03-overtake_left-medium-seed_a	../calibration-pilot-v26-teacher/r2v3-cal-Town03-overtake_left-medium-seed_a
./legacy-active/docs/runtime-evidence/r2-v3-formal/calibration-360-v46-combined/r2v3-cal-Town03-overtake_left-medium-seed_b	../calibration-pilot-v26-teacher/r2v3-cal-Town03-overtake_left-medium-seed_b
./legacy-active/docs/runtime-evidence/r2-v3-formal/calibration-360-v46-combined/r2v3-cal-Town03-overtake_left-mild-seed_a	../calibration-pilot-v26-teacher/r2v3-cal-Town03-overtake_left-mild-seed_a
./legacy-active/docs/runtime-evidence/r2-v3-formal/calibration-360-v46-combined/r2v3-cal-Town03-overtake_left-mild-seed_b	../calibration-pilot-v26-teacher/r2v3-cal-Town03-overtake_left-mild-seed_b
./legacy-active/docs/runtime-evidence/r2-v3-formal/calibration-360-v46-combined/r2v3-cal-Town03-overtake_right-hard-seed_a	../calibration-pilot-v26-teacher/r2v3-cal-Town03-overtake_right-hard-seed_a
./legacy-active/docs/runtime-evidence/r2-v3-formal/calibration-360-v46-combined/r2v3-cal-Town03-overtake_right-hard-seed_b	../calibration-pilot-v26-teacher/r2v3-cal-Town03-overtake_right-hard-seed_b
./legacy-active/docs/runtime-evidence/r2-v3-formal/calibration-360-v46-combined/r2v3-cal-Town03-overtake_right-medium-seed_a	../calibration-pilot-v26-teacher/r2v3-cal-Town03-overtake_right-medium-seed_a
./legacy-active/docs/runtime-evidence/r2-v3-formal/calibration-360-v46-combined/r2v3-cal-Town03-overtake_right-medium-seed_b	../calibration-pilot-v26-teacher/r2v3-cal-Town03-overtake_right-medium-seed_b
./legacy-active/docs/runtime-evidence/r2-v3-formal/calibration-360-v46-combined/r2v3-cal-Town03-overtake_right-mild-seed_a	../calibration-pilot-v26-teacher/r2v3-cal-Town03-overtake_right-mild-seed_a
./legacy-active/docs/runtime-evidence/r2-v3-formal/calibration-360-v46-combined/r2v3-cal-Town03-overtake_right-mild-seed_b	../calibration-pilot-v26-teacher/r2v3-cal-Town03-overtake_right-mild-seed_b
./legacy-active/docs/runtime-evidence/r2-v3-formal/calibration-360-v46-combined/r2v3-cal-Town03-route_change_left_right-hard-seed_a	../calibration-pilot-v26-teacher/r2v3-cal-Town03-route_change_left_right-hard-seed_a
./legacy-active/docs/runtime-evidence/r2-v3-formal/calibration-360-v46-combined/r2v3-cal-Town03-route_change_left_right-hard-seed_b	../calibration-pilot-v26-teacher/r2v3-cal-Town03-route_change_left_right-hard-seed_b
./legacy-active/docs/runtime-evidence/r2-v3-formal/calibration-360-v46-combined/r2v3-cal-Town03-route_change_left_right-medium-seed_a	../calibration-pilot-v26-teacher/r2v3-cal-Town03-route_change_left_right-medium-seed_a
./legacy-active/docs/runtime-evidence/r2-v3-formal/calibration-360-v46-combined/r2v3-cal-Town03-route_change_left_right-medium-seed_b	../calibration-pilot-v26-teacher/r2v3-cal-Town03-route_change_left_right-medium-seed_b
./legacy-active/docs/runtime-evidence/r2-v3-formal/calibration-360-v46-combined/r2v3-cal-Town03-route_change_left_right-mild-seed_a	../calibration-pilot-v26-teacher/r2v3-cal-Town03-route_change_left_right-mild-seed_a
./legacy-active/docs/runtime-evidence/r2-v3-formal/calibration-360-v46-combined/r2v3-cal-Town03-route_change_left_right-mild-seed_b	../calibration-pilot-v26-teacher/r2v3-cal-Town03-route_change_left_right-mild-seed_b
./legacy-active/docs/runtime-evidence/r2-v3-formal/calibration-360-v46-combined/r2v3-cal-Town03-straight_curve-hard-seed_a	../calibration-pilot-v26-teacher/r2v3-cal-Town03-straight_curve-hard-seed_a
./legacy-active/docs/runtime-evidence/r2-v3-formal/calibration-360-v46-combined/r2v3-cal-Town03-straight_curve-hard-seed_b	../calibration-pilot-v26-teacher/r2v3-cal-Town03-straight_curve-hard-seed_b
./legacy-active/docs/runtime-evidence/r2-v3-formal/calibration-360-v46-combined/r2v3-cal-Town03-straight_curve-medium-seed_a	../calibration-pilot-v26-teacher/r2v3-cal-Town03-straight_curve-medium-seed_a
./legacy-active/docs/runtime-evidence/r2-v3-formal/calibration-360-v46-combined/r2v3-cal-Town03-straight_curve-medium-seed_b	../calibration-pilot-v26-teacher/r2v3-cal-Town03-straight_curve-medium-seed_b
./legacy-active/docs/runtime-evidence/r2-v3-formal/calibration-360-v46-combined/r2v3-cal-Town03-straight_curve-mild-seed_a	../calibration-pilot-v26-teacher/r2v3-cal-Town03-straight_curve-mild-seed_a
./legacy-active/docs/runtime-evidence/r2-v3-formal/calibration-360-v46-combined/r2v3-cal-Town03-straight_curve-mild-seed_b	../calibration-pilot-v26-teacher/r2v3-cal-Town03-straight_curve-mild-seed_b
./legacy-active/docs/runtime-evidence/r2-v3-formal/calibration-360-v46-combined/r2v3-cal-Town03-traffic_control-hard-seed_a	../calibration-pilot-v26-teacher/r2v3-cal-Town03-traffic_control-hard-seed_a
./legacy-active/docs/runtime-evidence/r2-v3-formal/calibration-360-v46-combined/r2v3-cal-Town03-traffic_control-hard-seed_b	../calibration-pilot-v26-teacher/r2v3-cal-Town03-traffic_control-hard-seed_b
./legacy-active/docs/runtime-evidence/r2-v3-formal/calibration-360-v46-combined/r2v3-cal-Town03-traffic_control-medium-seed_a	../calibration-pilot-v26-teacher/r2v3-cal-Town03-traffic_control-medium-seed_a
./legacy-active/docs/runtime-evidence/r2-v3-formal/calibration-360-v46-combined/r2v3-cal-Town03-traffic_control-medium-seed_b	../calibration-pilot-v26-teacher/r2v3-cal-Town03-traffic_control-medium-seed_b
./legacy-active/docs/runtime-evidence/r2-v3-formal/calibration-360-v46-combined/r2v3-cal-Town03-traffic_control-mild-seed_a	../calibration-pilot-v26-teacher/r2v3-cal-Town03-traffic_control-mild-seed_a
./legacy-active/docs/runtime-evidence/r2-v3-formal/calibration-360-v46-combined/r2v3-cal-Town03-traffic_control-mild-seed_b	../calibration-pilot-v26-teacher/r2v3-cal-Town03-traffic_control-mild-seed_b
./legacy-active/docs/runtime-evidence/r2-v3-formal/calibration-360-v46-combined/r2v3-cal-Town03-turn_left_right-hard-seed_a	../calibration-pilot-v26-teacher/r2v3-cal-Town03-turn_left_right-hard-seed_a
./legacy-active/docs/runtime-evidence/r2-v3-formal/calibration-360-v46-combined/r2v3-cal-Town03-turn_left_right-hard-seed_b	../calibration-pilot-v26-teacher/r2v3-cal-Town03-turn_left_right-hard-seed_b
./legacy-active/docs/runtime-evidence/r2-v3-formal/calibration-360-v46-combined/r2v3-cal-Town03-turn_left_right-medium-seed_a	../calibration-pilot-v26-teacher/r2v3-cal-Town03-turn_left_right-medium-seed_a
./legacy-active/docs/runtime-evidence/r2-v3-formal/calibration-360-v46-combined/r2v3-cal-Town03-turn_left_right-medium-seed_b	../calibration-pilot-v26-teacher/r2v3-cal-Town03-turn_left_right-medium-seed_b
./legacy-active/docs/runtime-evidence/r2-v3-formal/calibration-360-v46-combined/r2v3-cal-Town03-turn_left_right-mild-seed_a	../calibration-pilot-v26-teacher/r2v3-cal-Town03-turn_left_right-mild-seed_a
./legacy-active/docs/runtime-evidence/r2-v3-formal/calibration-360-v46-combined/r2v3-cal-Town03-turn_left_right-mild-seed_b	../calibration-pilot-v26-teacher/r2v3-cal-Town03-turn_left_right-mild-seed_b
./legacy-active/docs/runtime-evidence/r2-v3-formal/calibration-360-v46-combined/r2v3-cal-Town04-crossing_turn_yield-hard-seed_a	../calibration-pilot-v26-teacher/r2v3-cal-Town04-crossing_turn_yield-hard-seed_a
./legacy-active/docs/runtime-evidence/r2-v3-formal/calibration-360-v46-combined/r2v3-cal-Town04-crossing_turn_yield-hard-seed_b	../calibration-pilot-v26-teacher/r2v3-cal-Town04-crossing_turn_yield-hard-seed_b
./legacy-active/docs/runtime-evidence/r2-v3-formal/calibration-360-v46-combined/r2v3-cal-Town04-crossing_turn_yield-medium-seed_a	../calibration-pilot-v26-teacher/r2v3-cal-Town04-crossing_turn_yield-medium-seed_a
./legacy-active/docs/runtime-evidence/r2-v3-formal/calibration-360-v46-combined/r2v3-cal-Town04-crossing_turn_yield-medium-seed_b	../calibration-pilot-v26-teacher/r2v3-cal-Town04-crossing_turn_yield-medium-seed_b
./legacy-active/docs/runtime-evidence/r2-v3-formal/calibration-360-v46-combined/r2v3-cal-Town04-crossing_turn_yield-mild-seed_a	../calibration-pilot-v26-teacher/r2v3-cal-Town04-crossing_turn_yield-mild-seed_a
./legacy-active/docs/runtime-evidence/r2-v3-formal/calibration-360-v46-combined/r2v3-cal-Town04-crossing_turn_yield-mild-seed_b	../calibration-pilot-v26-teacher/r2v3-cal-Town04-crossing_turn_yield-mild-seed_b
./legacy-active/docs/runtime-evidence/r2-v3-formal/calibration-360-v46-combined/r2v3-cal-Town04-cut_in_left-hard-seed_a	../calibration-pilot-v26-teacher/r2v3-cal-Town04-cut_in_left-hard-seed_a
./legacy-active/docs/runtime-evidence/r2-v3-formal/calibration-360-v46-combined/r2v3-cal-Town04-cut_in_left-hard-seed_b	../calibration-pilot-v26-teacher/r2v3-cal-Town04-cut_in_left-hard-seed_b
./legacy-active/docs/runtime-evidence/r2-v3-formal/calibration-360-v46-combined/r2v3-cal-Town04-cut_in_left-medium-seed_a	../calibration-pilot-v26-teacher/r2v3-cal-Town04-cut_in_left-medium-seed_a
./legacy-active/docs/runtime-evidence/r2-v3-formal/calibration-360-v46-combined/r2v3-cal-Town04-cut_in_left-medium-seed_b	../calibration-pilot-v26-teacher/r2v3-cal-Town04-cut_in_left-medium-seed_b
./legacy-active/docs/runtime-evidence/r2-v3-formal/calibration-360-v46-combined/r2v3-cal-Town04-cut_in_left-mild-seed_a	../calibration-pilot-v26-teacher/r2v3-cal-Town04-cut_in_left-mild-seed_a
./legacy-active/docs/runtime-evidence/r2-v3-formal/calibration-360-v46-combined/r2v3-cal-Town04-cut_in_left-mild-seed_b	../calibration-pilot-v26-teacher/r2v3-cal-Town04-cut_in_left-mild-seed_b
./legacy-active/docs/runtime-evidence/r2-v3-formal/calibration-360-v46-combined/r2v3-cal-Town04-cut_in_right-hard-seed_a	../calibration-pilot-v26-teacher/r2v3-cal-Town04-cut_in_right-hard-seed_a
./legacy-active/docs/runtime-evidence/r2-v3-formal/calibration-360-v46-combined/r2v3-cal-Town04-cut_in_right-hard-seed_b	../calibration-pilot-v26-teacher/r2v3-cal-Town04-cut_in_right-hard-seed_b
./legacy-active/docs/runtime-evidence/r2-v3-formal/calibration-360-v46-combined/r2v3-cal-Town04-cut_in_right-medium-seed_a	../calibration-pilot-v26-teacher/r2v3-cal-Town04-cut_in_right-medium-seed_a
./legacy-active/docs/runtime-evidence/r2-v3-formal/calibration-360-v46-combined/r2v3-cal-Town04-cut_in_right-medium-seed_b	../calibration-pilot-v26-teacher/r2v3-cal-Town04-cut_in_right-medium-seed_b
./legacy-active/docs/runtime-evidence/r2-v3-formal/calibration-360-v46-combined/r2v3-cal-Town04-cut_in_right-mild-seed_a	../calibration-pilot-v26-teacher/r2v3-cal-Town04-cut_in_right-mild-seed_a
./legacy-active/docs/runtime-evidence/r2-v3-formal/calibration-360-v46-combined/r2v3-cal-Town04-cut_in_right-mild-seed_b	../calibration-pilot-v26-teacher/r2v3-cal-Town04-cut_in_right-mild-seed_b
./legacy-active/docs/runtime-evidence/r2-v3-formal/calibration-360-v46-combined/r2v3-cal-Town04-follow_stop-hard-seed_a	../calibration-pilot-v26-teacher/r2v3-cal-Town04-follow_stop-hard-seed_a
./legacy-active/docs/runtime-evidence/r2-v3-formal/calibration-360-v46-combined/r2v3-cal-Town04-follow_stop-hard-seed_b	../calibration-pilot-v26-teacher/r2v3-cal-Town04-follow_stop-hard-seed_b
./legacy-active/docs/runtime-evidence/r2-v3-formal/calibration-360-v46-combined/r2v3-cal-Town04-follow_stop-medium-seed_a	../calibration-pilot-v26-teacher/r2v3-cal-Town04-follow_stop-medium-seed_a
./legacy-active/docs/runtime-evidence/r2-v3-formal/calibration-360-v46-combined/r2v3-cal-Town04-follow_stop-medium-seed_b	../calibration-pilot-v26-teacher/r2v3-cal-Town04-follow_stop-medium-seed_b
./legacy-active/docs/runtime-evidence/r2-v3-formal/calibration-360-v46-combined/r2v3-cal-Town04-follow_stop-mild-seed_a	../calibration-pilot-v26-teacher/r2v3-cal-Town04-follow_stop-mild-seed_a
./legacy-active/docs/runtime-evidence/r2-v3-formal/calibration-360-v46-combined/r2v3-cal-Town04-follow_stop-mild-seed_b	../calibration-pilot-v26-teacher/r2v3-cal-Town04-follow_stop-mild-seed_b
./legacy-active/docs/runtime-evidence/r2-v3-formal/calibration-360-v46-combined/r2v3-cal-Town04-junction_straight-hard-seed_a	../calibration-pilot-v26-teacher/r2v3-cal-Town04-junction_straight-hard-seed_a
./legacy-active/docs/runtime-evidence/r2-v3-formal/calibration-360-v46-combined/r2v3-cal-Town04-junction_straight-hard-seed_b	../calibration-pilot-v26-teacher/r2v3-cal-Town04-junction_straight-hard-seed_b
./legacy-active/docs/runtime-evidence/r2-v3-formal/calibration-360-v46-combined/r2v3-cal-Town04-junction_straight-medium-seed_a	../calibration-pilot-v26-teacher/r2v3-cal-Town04-junction_straight-medium-seed_a
./legacy-active/docs/runtime-evidence/r2-v3-formal/calibration-360-v46-combined/r2v3-cal-Town04-junction_straight-medium-seed_b	../calibration-pilot-v26-teacher/r2v3-cal-Town04-junction_straight-medium-seed_b
./legacy-active/docs/runtime-evidence/r2-v3-formal/calibration-360-v46-combined/r2v3-cal-Town04-junction_straight-mild-seed_a	../calibration-pilot-v26-teacher/r2v3-cal-Town04-junction_straight-mild-seed_a
./legacy-active/docs/runtime-evidence/r2-v3-formal/calibration-360-v46-combined/r2v3-cal-Town04-junction_straight-mild-seed_b	../calibration-pilot-v26-teacher/r2v3-cal-Town04-junction_straight-mild-seed_b
./legacy-active/docs/runtime-evidence/r2-v3-formal/calibration-360-v46-combined/r2v3-cal-Town04-merge_yield-hard-seed_a	../calibration-pilot-v26-teacher/r2v3-cal-Town04-merge_yield-hard-seed_a
./legacy-active/docs/runtime-evidence/r2-v3-formal/calibration-360-v46-combined/r2v3-cal-Town04-merge_yield-hard-seed_b	../calibration-pilot-v26-teacher/r2v3-cal-Town04-merge_yield-hard-seed_b
./legacy-active/docs/runtime-evidence/r2-v3-formal/calibration-360-v46-combined/r2v3-cal-Town04-merge_yield-medium-seed_a	../calibration-pilot-v26-teacher/r2v3-cal-Town04-merge_yield-medium-seed_a
./legacy-active/docs/runtime-evidence/r2-v3-formal/calibration-360-v46-combined/r2v3-cal-Town04-merge_yield-medium-seed_b	../calibration-pilot-v26-teacher/r2v3-cal-Town04-merge_yield-medium-seed_b
./legacy-active/docs/runtime-evidence/r2-v3-formal/calibration-360-v46-combined/r2v3-cal-Town04-merge_yield-mild-seed_a	../calibration-pilot-v26-teacher/r2v3-cal-Town04-merge_yield-mild-seed_a
./legacy-active/docs/runtime-evidence/r2-v3-formal/calibration-360-v46-combined/r2v3-cal-Town04-merge_yield-mild-seed_b	../calibration-pilot-v26-teacher/r2v3-cal-Town04-merge_yield-mild-seed_b
./legacy-active/docs/runtime-evidence/r2-v3-formal/calibration-360-v46-combined/r2v3-cal-Town04-overtake_left-hard-seed_a	../calibration-pilot-v26-teacher/r2v3-cal-Town04-overtake_left-hard-seed_a
./legacy-active/docs/runtime-evidence/r2-v3-formal/calibration-360-v46-combined/r2v3-cal-Town04-overtake_left-hard-seed_b	../calibration-pilot-v26-teacher/r2v3-cal-Town04-overtake_left-hard-seed_b
./legacy-active/docs/runtime-evidence/r2-v3-formal/calibration-360-v46-combined/r2v3-cal-Town04-overtake_left-medium-seed_a	../calibration-pilot-v26-teacher/r2v3-cal-Town04-overtake_left-medium-seed_a
./legacy-active/docs/runtime-evidence/r2-v3-formal/calibration-360-v46-combined/r2v3-cal-Town04-overtake_left-medium-seed_b	../calibration-pilot-v26-teacher/r2v3-cal-Town04-overtake_left-medium-seed_b
./legacy-active/docs/runtime-evidence/r2-v3-formal/calibration-360-v46-combined/r2v3-cal-Town04-overtake_left-mild-seed_a	../calibration-pilot-v26-teacher/r2v3-cal-Town04-overtake_left-mild-seed_a
./legacy-active/docs/runtime-evidence/r2-v3-formal/calibration-360-v46-combined/r2v3-cal-Town04-overtake_left-mild-seed_b	../calibration-pilot-v26-teacher/r2v3-cal-Town04-overtake_left-mild-seed_b
./legacy-active/docs/runtime-evidence/r2-v3-formal/calibration-360-v46-combined/r2v3-cal-Town04-overtake_right-hard-seed_a	../calibration-pilot-v26-teacher/r2v3-cal-Town04-overtake_right-hard-seed_a
./legacy-active/docs/runtime-evidence/r2-v3-formal/calibration-360-v46-combined/r2v3-cal-Town04-overtake_right-hard-seed_b	../calibration-pilot-v26-teacher/r2v3-cal-Town04-overtake_right-hard-seed_b
./legacy-active/docs/runtime-evidence/r2-v3-formal/calibration-360-v46-combined/r2v3-cal-Town04-overtake_right-medium-seed_a	../calibration-pilot-v26-teacher/r2v3-cal-Town04-overtake_right-medium-seed_a
./legacy-active/docs/runtime-evidence/r2-v3-formal/calibration-360-v46-combined/r2v3-cal-Town04-overtake_right-medium-seed_b	../calibration-pilot-v26-teacher/r2v3-cal-Town04-overtake_right-medium-seed_b
./legacy-active/docs/runtime-evidence/r2-v3-formal/calibration-360-v46-combined/r2v3-cal-Town04-overtake_right-mild-seed_a	../calibration-pilot-v26-teacher/r2v3-cal-Town04-overtake_right-mild-seed_a
./legacy-active/docs/runtime-evidence/r2-v3-formal/calibration-360-v46-combined/r2v3-cal-Town04-overtake_right-mild-seed_b	../calibration-pilot-v26-teacher/r2v3-cal-Town04-overtake_right-mild-seed_b
./legacy-active/docs/runtime-evidence/r2-v3-formal/calibration-360-v46-combined/r2v3-cal-Town04-route_change_left_right-hard-seed_a	../calibration-pilot-v26-teacher/r2v3-cal-Town04-route_change_left_right-hard-seed_a
./legacy-active/docs/runtime-evidence/r2-v3-formal/calibration-360-v46-combined/r2v3-cal-Town04-route_change_left_right-hard-seed_b	../calibration-pilot-v26-teacher/r2v3-cal-Town04-route_change_left_right-hard-seed_b
./legacy-active/docs/runtime-evidence/r2-v3-formal/calibration-360-v46-combined/r2v3-cal-Town04-route_change_left_right-medium-seed_a	../calibration-pilot-v26-teacher/r2v3-cal-Town04-route_change_left_right-medium-seed_a
./legacy-active/docs/runtime-evidence/r2-v3-formal/calibration-360-v46-combined/r2v3-cal-Town04-route_change_left_right-medium-seed_b	../calibration-pilot-v26-teacher/r2v3-cal-Town04-route_change_left_right-medium-seed_b
./legacy-active/docs/runtime-evidence/r2-v3-formal/calibration-360-v46-combined/r2v3-cal-Town04-route_change_left_right-mild-seed_a	../calibration-pilot-v26-teacher/r2v3-cal-Town04-route_change_left_right-mild-seed_a
./legacy-active/docs/runtime-evidence/r2-v3-formal/calibration-360-v46-combined/r2v3-cal-Town04-route_change_left_right-mild-seed_b	../calibration-pilot-v26-teacher/r2v3-cal-Town04-route_change_left_right-mild-seed_b
./legacy-active/docs/runtime-evidence/r2-v3-formal/calibration-360-v46-combined/r2v3-cal-Town04-straight_curve-hard-seed_a	../calibration-pilot-v26-teacher/r2v3-cal-Town04-straight_curve-hard-seed_a
./legacy-active/docs/runtime-evidence/r2-v3-formal/calibration-360-v46-combined/r2v3-cal-Town04-straight_curve-hard-seed_b	../calibration-pilot-v26-teacher/r2v3-cal-Town04-straight_curve-hard-seed_b
./legacy-active/docs/runtime-evidence/r2-v3-formal/calibration-360-v46-combined/r2v3-cal-Town04-straight_curve-medium-seed_a	../calibration-pilot-v26-teacher/r2v3-cal-Town04-straight_curve-medium-seed_a
./legacy-active/docs/runtime-evidence/r2-v3-formal/calibration-360-v46-combined/r2v3-cal-Town04-straight_curve-medium-seed_b	../calibration-pilot-v26-teacher/r2v3-cal-Town04-straight_curve-medium-seed_b
./legacy-active/docs/runtime-evidence/r2-v3-formal/calibration-360-v46-combined/r2v3-cal-Town04-straight_curve-mild-seed_a	../calibration-pilot-v26-teacher/r2v3-cal-Town04-straight_curve-mild-seed_a
./legacy-active/docs/runtime-evidence/r2-v3-formal/calibration-360-v46-combined/r2v3-cal-Town04-straight_curve-mild-seed_b	../calibration-pilot-v26-teacher/r2v3-cal-Town04-straight_curve-mild-seed_b
./legacy-active/docs/runtime-evidence/r2-v3-formal/calibration-360-v46-combined/r2v3-cal-Town04-traffic_control-hard-seed_a	../calibration-pilot-v26-teacher/r2v3-cal-Town04-traffic_control-hard-seed_a
./legacy-active/docs/runtime-evidence/r2-v3-formal/calibration-360-v46-combined/r2v3-cal-Town04-traffic_control-hard-seed_b	../calibration-pilot-v26-teacher/r2v3-cal-Town04-traffic_control-hard-seed_b
./legacy-active/docs/runtime-evidence/r2-v3-formal/calibration-360-v46-combined/r2v3-cal-Town04-traffic_control-medium-seed_a	../calibration-pilot-v26-teacher/r2v3-cal-Town04-traffic_control-medium-seed_a
./legacy-active/docs/runtime-evidence/r2-v3-formal/calibration-360-v46-combined/r2v3-cal-Town04-traffic_control-medium-seed_b	../calibration-pilot-v26-teacher/r2v3-cal-Town04-traffic_control-medium-seed_b
./legacy-active/docs/runtime-evidence/r2-v3-formal/calibration-360-v46-combined/r2v3-cal-Town04-traffic_control-mild-seed_a	../calibration-pilot-v26-teacher/r2v3-cal-Town04-traffic_control-mild-seed_a
./legacy-active/docs/runtime-evidence/r2-v3-formal/calibration-360-v46-combined/r2v3-cal-Town04-traffic_control-mild-seed_b	../calibration-pilot-v26-teacher/r2v3-cal-Town04-traffic_control-mild-seed_b
./legacy-active/docs/runtime-evidence/r2-v3-formal/calibration-360-v46-combined/r2v3-cal-Town04-turn_left_right-hard-seed_a	../calibration-pilot-v26-teacher/r2v3-cal-Town04-turn_left_right-hard-seed_a
./legacy-active/docs/runtime-evidence/r2-v3-formal/calibration-360-v46-combined/r2v3-cal-Town04-turn_left_right-hard-seed_b	../calibration-pilot-v26-teacher/r2v3-cal-Town04-turn_left_right-hard-seed_b
./legacy-active/docs/runtime-evidence/r2-v3-formal/calibration-360-v46-combined/r2v3-cal-Town04-turn_left_right-medium-seed_a	../calibration-pilot-v26-teacher/r2v3-cal-Town04-turn_left_right-medium-seed_a
./legacy-active/docs/runtime-evidence/r2-v3-formal/calibration-360-v46-combined/r2v3-cal-Town04-turn_left_right-medium-seed_b	../calibration-pilot-v26-teacher/r2v3-cal-Town04-turn_left_right-medium-seed_b
./legacy-active/docs/runtime-evidence/r2-v3-formal/calibration-360-v46-combined/r2v3-cal-Town04-turn_left_right-mild-seed_a	../calibration-pilot-v26-teacher/r2v3-cal-Town04-turn_left_right-mild-seed_a
./legacy-active/docs/runtime-evidence/r2-v3-formal/calibration-360-v46-combined/r2v3-cal-Town04-turn_left_right-mild-seed_b	../calibration-pilot-v26-teacher/r2v3-cal-Town04-turn_left_right-mild-seed_b
./legacy-active/docs/runtime-evidence/r2-v3-formal/calibration-360-v46-combined/r2v3-cal-Town05-crossing_turn_yield-hard-seed_a	../calibration-360-v46-teacher/r2v3-cal-Town05-crossing_turn_yield-hard-seed_a
./legacy-active/docs/runtime-evidence/r2-v3-formal/calibration-360-v46-combined/r2v3-cal-Town05-crossing_turn_yield-hard-seed_b	../calibration-360-v46-teacher/r2v3-cal-Town05-crossing_turn_yield-hard-seed_b
./legacy-active/docs/runtime-evidence/r2-v3-formal/calibration-360-v46-combined/r2v3-cal-Town05-crossing_turn_yield-medium-seed_a	../calibration-360-v46-teacher/r2v3-cal-Town05-crossing_turn_yield-medium-seed_a
./legacy-active/docs/runtime-evidence/r2-v3-formal/calibration-360-v46-combined/r2v3-cal-Town05-crossing_turn_yield-medium-seed_b	../calibration-360-v46-teacher/r2v3-cal-Town05-crossing_turn_yield-medium-seed_b
./legacy-active/docs/runtime-evidence/r2-v3-formal/calibration-360-v46-combined/r2v3-cal-Town05-crossing_turn_yield-mild-seed_a	../calibration-360-v46-teacher/r2v3-cal-Town05-crossing_turn_yield-mild-seed_a
./legacy-active/docs/runtime-evidence/r2-v3-formal/calibration-360-v46-combined/r2v3-cal-Town05-crossing_turn_yield-mild-seed_b	../calibration-360-v46-teacher/r2v3-cal-Town05-crossing_turn_yield-mild-seed_b
./legacy-active/docs/runtime-evidence/r2-v3-formal/calibration-360-v46-combined/r2v3-cal-Town05-cut_in_left-hard-seed_a	../calibration-360-v46-teacher/r2v3-cal-Town05-cut_in_left-hard-seed_a
./legacy-active/docs/runtime-evidence/r2-v3-formal/calibration-360-v46-combined/r2v3-cal-Town05-cut_in_left-hard-seed_b	../calibration-360-v46-teacher/r2v3-cal-Town05-cut_in_left-hard-seed_b
./legacy-active/docs/runtime-evidence/r2-v3-formal/calibration-360-v46-combined/r2v3-cal-Town05-cut_in_left-medium-seed_a	../calibration-360-v46-teacher/r2v3-cal-Town05-cut_in_left-medium-seed_a
./legacy-active/docs/runtime-evidence/r2-v3-formal/calibration-360-v46-combined/r2v3-cal-Town05-cut_in_left-medium-seed_b	../calibration-360-v46-teacher/r2v3-cal-Town05-cut_in_left-medium-seed_b
./legacy-active/docs/runtime-evidence/r2-v3-formal/calibration-360-v46-combined/r2v3-cal-Town05-cut_in_left-mild-seed_a	../calibration-360-v46-teacher/r2v3-cal-Town05-cut_in_left-mild-seed_a
./legacy-active/docs/runtime-evidence/r2-v3-formal/calibration-360-v46-combined/r2v3-cal-Town05-cut_in_left-mild-seed_b	../calibration-360-v46-teacher/r2v3-cal-Town05-cut_in_left-mild-seed_b
./legacy-active/docs/runtime-evidence/r2-v3-formal/calibration-360-v46-combined/r2v3-cal-Town05-cut_in_right-hard-seed_a	../calibration-360-v46-teacher/r2v3-cal-Town05-cut_in_right-hard-seed_a
./legacy-active/docs/runtime-evidence/r2-v3-formal/calibration-360-v46-combined/r2v3-cal-Town05-cut_in_right-hard-seed_b	../calibration-360-v46-teacher/r2v3-cal-Town05-cut_in_right-hard-seed_b
./legacy-active/docs/runtime-evidence/r2-v3-formal/calibration-360-v46-combined/r2v3-cal-Town05-cut_in_right-medium-seed_a	../calibration-360-v46-teacher/r2v3-cal-Town05-cut_in_right-medium-seed_a
./legacy-active/docs/runtime-evidence/r2-v3-formal/calibration-360-v46-combined/r2v3-cal-Town05-cut_in_right-medium-seed_b	../calibration-360-v46-teacher/r2v3-cal-Town05-cut_in_right-medium-seed_b
./legacy-active/docs/runtime-evidence/r2-v3-formal/calibration-360-v46-combined/r2v3-cal-Town05-cut_in_right-mild-seed_a	../calibration-360-v46-teacher/r2v3-cal-Town05-cut_in_right-mild-seed_a
./legacy-active/docs/runtime-evidence/r2-v3-formal/calibration-360-v46-combined/r2v3-cal-Town05-cut_in_right-mild-seed_b	../calibration-360-v46-teacher/r2v3-cal-Town05-cut_in_right-mild-seed_b
./legacy-active/docs/runtime-evidence/r2-v3-formal/calibration-360-v46-combined/r2v3-cal-Town05-follow_stop-hard-seed_a	../calibration-360-v46-teacher/r2v3-cal-Town05-follow_stop-hard-seed_a
./legacy-active/docs/runtime-evidence/r2-v3-formal/calibration-360-v46-combined/r2v3-cal-Town05-follow_stop-hard-seed_b	../calibration-360-v46-teacher/r2v3-cal-Town05-follow_stop-hard-seed_b
./legacy-active/docs/runtime-evidence/r2-v3-formal/calibration-360-v46-combined/r2v3-cal-Town05-follow_stop-medium-seed_a	../calibration-360-v46-teacher/r2v3-cal-Town05-follow_stop-medium-seed_a
./legacy-active/docs/runtime-evidence/r2-v3-formal/calibration-360-v46-combined/r2v3-cal-Town05-follow_stop-medium-seed_b	../calibration-360-v46-teacher/r2v3-cal-Town05-follow_stop-medium-seed_b
./legacy-active/docs/runtime-evidence/r2-v3-formal/calibration-360-v46-combined/r2v3-cal-Town05-follow_stop-mild-seed_a	../calibration-360-v46-teacher/r2v3-cal-Town05-follow_stop-mild-seed_a
./legacy-active/docs/runtime-evidence/r2-v3-formal/calibration-360-v46-combined/r2v3-cal-Town05-follow_stop-mild-seed_b	../calibration-360-v46-teacher/r2v3-cal-Town05-follow_stop-mild-seed_b
./legacy-active/docs/runtime-evidence/r2-v3-formal/calibration-360-v46-combined/r2v3-cal-Town05-junction_straight-hard-seed_a	../calibration-360-v46-teacher/r2v3-cal-Town05-junction_straight-hard-seed_a
./legacy-active/docs/runtime-evidence/r2-v3-formal/calibration-360-v46-combined/r2v3-cal-Town05-junction_straight-hard-seed_b	../calibration-360-v46-teacher/r2v3-cal-Town05-junction_straight-hard-seed_b
./legacy-active/docs/runtime-evidence/r2-v3-formal/calibration-360-v46-combined/r2v3-cal-Town05-junction_straight-medium-seed_a	../calibration-360-v46-teacher/r2v3-cal-Town05-junction_straight-medium-seed_a
./legacy-active/docs/runtime-evidence/r2-v3-formal/calibration-360-v46-combined/r2v3-cal-Town05-junction_straight-medium-seed_b	../calibration-360-v46-teacher/r2v3-cal-Town05-junction_straight-medium-seed_b
./legacy-active/docs/runtime-evidence/r2-v3-formal/calibration-360-v46-combined/r2v3-cal-Town05-junction_straight-mild-seed_a	../calibration-360-v46-teacher/r2v3-cal-Town05-junction_straight-mild-seed_a
./legacy-active/docs/runtime-evidence/r2-v3-formal/calibration-360-v46-combined/r2v3-cal-Town05-junction_straight-mild-seed_b	../calibration-360-v46-teacher/r2v3-cal-Town05-junction_straight-mild-seed_b
./legacy-active/docs/runtime-evidence/r2-v3-formal/calibration-360-v46-combined/r2v3-cal-Town05-merge_yield-hard-seed_a	../calibration-360-v46-teacher/r2v3-cal-Town05-merge_yield-hard-seed_a
./legacy-active/docs/runtime-evidence/r2-v3-formal/calibration-360-v46-combined/r2v3-cal-Town05-merge_yield-hard-seed_b	../calibration-360-v46-teacher/r2v3-cal-Town05-merge_yield-hard-seed_b
./legacy-active/docs/runtime-evidence/r2-v3-formal/calibration-360-v46-combined/r2v3-cal-Town05-merge_yield-medium-seed_a	../calibration-360-v46-teacher/r2v3-cal-Town05-merge_yield-medium-seed_a
./legacy-active/docs/runtime-evidence/r2-v3-formal/calibration-360-v46-combined/r2v3-cal-Town05-merge_yield-medium-seed_b	../calibration-360-v46-teacher/r2v3-cal-Town05-merge_yield-medium-seed_b
./legacy-active/docs/runtime-evidence/r2-v3-formal/calibration-360-v46-combined/r2v3-cal-Town05-merge_yield-mild-seed_a	../calibration-360-v46-teacher/r2v3-cal-Town05-merge_yield-mild-seed_a
./legacy-active/docs/runtime-evidence/r2-v3-formal/calibration-360-v46-combined/r2v3-cal-Town05-merge_yield-mild-seed_b	../calibration-360-v46-teacher/r2v3-cal-Town05-merge_yield-mild-seed_b
./legacy-active/docs/runtime-evidence/r2-v3-formal/calibration-360-v46-combined/r2v3-cal-Town05-overtake_left-hard-seed_a	../calibration-360-v46-teacher/r2v3-cal-Town05-overtake_left-hard-seed_a
./legacy-active/docs/runtime-evidence/r2-v3-formal/calibration-360-v46-combined/r2v3-cal-Town05-overtake_left-hard-seed_b	../calibration-360-v46-teacher/r2v3-cal-Town05-overtake_left-hard-seed_b
./legacy-active/docs/runtime-evidence/r2-v3-formal/calibration-360-v46-combined/r2v3-cal-Town05-overtake_left-medium-seed_a	../calibration-360-v46-teacher/r2v3-cal-Town05-overtake_left-medium-seed_a
./legacy-active/docs/runtime-evidence/r2-v3-formal/calibration-360-v46-combined/r2v3-cal-Town05-overtake_left-medium-seed_b	../calibration-360-v46-teacher/r2v3-cal-Town05-overtake_left-medium-seed_b
./legacy-active/docs/runtime-evidence/r2-v3-formal/calibration-360-v46-combined/r2v3-cal-Town05-overtake_left-mild-seed_a	../calibration-360-v46-teacher/r2v3-cal-Town05-overtake_left-mild-seed_a
./legacy-active/docs/runtime-evidence/r2-v3-formal/calibration-360-v46-combined/r2v3-cal-Town05-overtake_left-mild-seed_b	../calibration-360-v46-teacher/r2v3-cal-Town05-overtake_left-mild-seed_b
./legacy-active/docs/runtime-evidence/r2-v3-formal/calibration-360-v46-combined/r2v3-cal-Town05-overtake_right-hard-seed_a	../calibration-360-v46-teacher/r2v3-cal-Town05-overtake_right-hard-seed_a
./legacy-active/docs/runtime-evidence/r2-v3-formal/calibration-360-v46-combined/r2v3-cal-Town05-overtake_right-hard-seed_b	../calibration-360-v46-teacher/r2v3-cal-Town05-overtake_right-hard-seed_b
./legacy-active/docs/runtime-evidence/r2-v3-formal/calibration-360-v46-combined/r2v3-cal-Town05-overtake_right-medium-seed_a	../calibration-360-v46-teacher/r2v3-cal-Town05-overtake_right-medium-seed_a
./legacy-active/docs/runtime-evidence/r2-v3-formal/calibration-360-v46-combined/r2v3-cal-Town05-overtake_right-medium-seed_b	../calibration-360-v46-teacher/r2v3-cal-Town05-overtake_right-medium-seed_b
./legacy-active/docs/runtime-evidence/r2-v3-formal/calibration-360-v46-combined/r2v3-cal-Town05-overtake_right-mild-seed_a	../calibration-360-v46-teacher/r2v3-cal-Town05-overtake_right-mild-seed_a
./legacy-active/docs/runtime-evidence/r2-v3-formal/calibration-360-v46-combined/r2v3-cal-Town05-overtake_right-mild-seed_b	../calibration-360-v46-teacher/r2v3-cal-Town05-overtake_right-mild-seed_b
./legacy-active/docs/runtime-evidence/r2-v3-formal/calibration-360-v46-combined/r2v3-cal-Town05-route_change_left_right-hard-seed_a	../calibration-360-v46-teacher/r2v3-cal-Town05-route_change_left_right-hard-seed_a
./legacy-active/docs/runtime-evidence/r2-v3-formal/calibration-360-v46-combined/r2v3-cal-Town05-route_change_left_right-hard-seed_b	../calibration-360-v46-teacher/r2v3-cal-Town05-route_change_left_right-hard-seed_b
./legacy-active/docs/runtime-evidence/r2-v3-formal/calibration-360-v46-combined/r2v3-cal-Town05-route_change_left_right-medium-seed_a	../calibration-360-v46-teacher/r2v3-cal-Town05-route_change_left_right-medium-seed_a
./legacy-active/docs/runtime-evidence/r2-v3-formal/calibration-360-v46-combined/r2v3-cal-Town05-route_change_left_right-medium-seed_b	../calibration-360-v46-teacher/r2v3-cal-Town05-route_change_left_right-medium-seed_b
./legacy-active/docs/runtime-evidence/r2-v3-formal/calibration-360-v46-combined/r2v3-cal-Town05-route_change_left_right-mild-seed_a	../calibration-360-v46-teacher/r2v3-cal-Town05-route_change_left_right-mild-seed_a
./legacy-active/docs/runtime-evidence/r2-v3-formal/calibration-360-v46-combined/r2v3-cal-Town05-route_change_left_right-mild-seed_b	../calibration-360-v46-teacher/r2v3-cal-Town05-route_change_left_right-mild-seed_b
./legacy-active/docs/runtime-evidence/r2-v3-formal/calibration-360-v46-combined/r2v3-cal-Town05-straight_curve-hard-seed_a	../calibration-360-v46-teacher/r2v3-cal-Town05-straight_curve-hard-seed_a
./legacy-active/docs/runtime-evidence/r2-v3-formal/calibration-360-v46-combined/r2v3-cal-Town05-straight_curve-hard-seed_b	../calibration-360-v46-teacher/r2v3-cal-Town05-straight_curve-hard-seed_b
./legacy-active/docs/runtime-evidence/r2-v3-formal/calibration-360-v46-combined/r2v3-cal-Town05-straight_curve-medium-seed_a	../calibration-360-v46-teacher/r2v3-cal-Town05-straight_curve-medium-seed_a
./legacy-active/docs/runtime-evidence/r2-v3-formal/calibration-360-v46-combined/r2v3-cal-Town05-straight_curve-medium-seed_b	../calibration-360-v46-teacher/r2v3-cal-Town05-straight_curve-medium-seed_b
./legacy-active/docs/runtime-evidence/r2-v3-formal/calibration-360-v46-combined/r2v3-cal-Town05-straight_curve-mild-seed_a	../calibration-360-v46-teacher/r2v3-cal-Town05-straight_curve-mild-seed_a
./legacy-active/docs/runtime-evidence/r2-v3-formal/calibration-360-v46-combined/r2v3-cal-Town05-straight_curve-mild-seed_b	../calibration-360-v46-teacher/r2v3-cal-Town05-straight_curve-mild-seed_b
./legacy-active/docs/runtime-evidence/r2-v3-formal/calibration-360-v46-combined/r2v3-cal-Town05-traffic_control-hard-seed_a	../calibration-360-v46-teacher/r2v3-cal-Town05-traffic_control-hard-seed_a
./legacy-active/docs/runtime-evidence/r2-v3-formal/calibration-360-v46-combined/r2v3-cal-Town05-traffic_control-hard-seed_b	../calibration-360-v46-teacher/r2v3-cal-Town05-traffic_control-hard-seed_b
./legacy-active/docs/runtime-evidence/r2-v3-formal/calibration-360-v46-combined/r2v3-cal-Town05-traffic_control-medium-seed_a	../calibration-360-v46-teacher/r2v3-cal-Town05-traffic_control-medium-seed_a
./legacy-active/docs/runtime-evidence/r2-v3-formal/calibration-360-v46-combined/r2v3-cal-Town05-traffic_control-medium-seed_b	../calibration-360-v46-teacher/r2v3-cal-Town05-traffic_control-medium-seed_b
./legacy-active/docs/runtime-evidence/r2-v3-formal/calibration-360-v46-combined/r2v3-cal-Town05-traffic_control-mild-seed_a	../calibration-360-v46-teacher/r2v3-cal-Town05-traffic_control-mild-seed_a
./legacy-active/docs/runtime-evidence/r2-v3-formal/calibration-360-v46-combined/r2v3-cal-Town05-traffic_control-mild-seed_b	../calibration-360-v46-teacher/r2v3-cal-Town05-traffic_control-mild-seed_b
./legacy-active/docs/runtime-evidence/r2-v3-formal/calibration-360-v46-combined/r2v3-cal-Town05-turn_left_right-hard-seed_a	../calibration-360-v46-teacher/r2v3-cal-Town05-turn_left_right-hard-seed_a
./legacy-active/docs/runtime-evidence/r2-v3-formal/calibration-360-v46-combined/r2v3-cal-Town05-turn_left_right-hard-seed_b	../calibration-360-v46-teacher/r2v3-cal-Town05-turn_left_right-hard-seed_b
./legacy-active/docs/runtime-evidence/r2-v3-formal/calibration-360-v46-combined/r2v3-cal-Town05-turn_left_right-medium-seed_a	../calibration-360-v46-teacher/r2v3-cal-Town05-turn_left_right-medium-seed_a
./legacy-active/docs/runtime-evidence/r2-v3-formal/calibration-360-v46-combined/r2v3-cal-Town05-turn_left_right-medium-seed_b	../calibration-360-v46-teacher/r2v3-cal-Town05-turn_left_right-medium-seed_b
./legacy-active/docs/runtime-evidence/r2-v3-formal/calibration-360-v46-combined/r2v3-cal-Town05-turn_left_right-mild-seed_a	../calibration-360-v46-teacher/r2v3-cal-Town05-turn_left_right-mild-seed_a
./legacy-active/docs/runtime-evidence/r2-v3-formal/calibration-360-v46-combined/r2v3-cal-Town05-turn_left_right-mild-seed_b	../calibration-360-v46-teacher/r2v3-cal-Town05-turn_left_right-mild-seed_b
./legacy-active/docs/runtime-evidence/r2-v3-formal/calibration-360-v46-combined/r2v3-cal-Town10HD-crossing_turn_yield-hard-seed_a	../calibration-360-v46-teacher/r2v3-cal-Town10HD-crossing_turn_yield-hard-seed_a
./legacy-active/docs/runtime-evidence/r2-v3-formal/calibration-360-v46-combined/r2v3-cal-Town10HD-crossing_turn_yield-hard-seed_b	../calibration-360-v46-teacher/r2v3-cal-Town10HD-crossing_turn_yield-hard-seed_b
./legacy-active/docs/runtime-evidence/r2-v3-formal/calibration-360-v46-combined/r2v3-cal-Town10HD-crossing_turn_yield-medium-seed_a	../calibration-360-v46-teacher/r2v3-cal-Town10HD-crossing_turn_yield-medium-seed_a
./legacy-active/docs/runtime-evidence/r2-v3-formal/calibration-360-v46-combined/r2v3-cal-Town10HD-crossing_turn_yield-medium-seed_b	../calibration-360-v46-teacher/r2v3-cal-Town10HD-crossing_turn_yield-medium-seed_b
./legacy-active/docs/runtime-evidence/r2-v3-formal/calibration-360-v46-combined/r2v3-cal-Town10HD-crossing_turn_yield-mild-seed_a	../calibration-360-v46-teacher/r2v3-cal-Town10HD-crossing_turn_yield-mild-seed_a
./legacy-active/docs/runtime-evidence/r2-v3-formal/calibration-360-v46-combined/r2v3-cal-Town10HD-crossing_turn_yield-mild-seed_b	../calibration-360-v46-teacher/r2v3-cal-Town10HD-crossing_turn_yield-mild-seed_b
./legacy-active/docs/runtime-evidence/r2-v3-formal/calibration-360-v46-combined/r2v3-cal-Town10HD-cut_in_left-hard-seed_a	../calibration-360-v46-teacher/r2v3-cal-Town10HD-cut_in_left-hard-seed_a
./legacy-active/docs/runtime-evidence/r2-v3-formal/calibration-360-v46-combined/r2v3-cal-Town10HD-cut_in_left-hard-seed_b	../calibration-360-v46-teacher/r2v3-cal-Town10HD-cut_in_left-hard-seed_b
./legacy-active/docs/runtime-evidence/r2-v3-formal/calibration-360-v46-combined/r2v3-cal-Town10HD-cut_in_left-medium-seed_a	../calibration-360-v46-teacher/r2v3-cal-Town10HD-cut_in_left-medium-seed_a
./legacy-active/docs/runtime-evidence/r2-v3-formal/calibration-360-v46-combined/r2v3-cal-Town10HD-cut_in_left-medium-seed_b	../calibration-360-v46-teacher/r2v3-cal-Town10HD-cut_in_left-medium-seed_b
./legacy-active/docs/runtime-evidence/r2-v3-formal/calibration-360-v46-combined/r2v3-cal-Town10HD-cut_in_left-mild-seed_a	../calibration-360-v46-teacher/r2v3-cal-Town10HD-cut_in_left-mild-seed_a
./legacy-active/docs/runtime-evidence/r2-v3-formal/calibration-360-v46-combined/r2v3-cal-Town10HD-cut_in_left-mild-seed_b	../calibration-360-v46-teacher/r2v3-cal-Town10HD-cut_in_left-mild-seed_b
./legacy-active/docs/runtime-evidence/r2-v3-formal/calibration-360-v46-combined/r2v3-cal-Town10HD-cut_in_right-hard-seed_a	../calibration-360-v46-teacher/r2v3-cal-Town10HD-cut_in_right-hard-seed_a
./legacy-active/docs/runtime-evidence/r2-v3-formal/calibration-360-v46-combined/r2v3-cal-Town10HD-cut_in_right-hard-seed_b	../calibration-360-v46-teacher/r2v3-cal-Town10HD-cut_in_right-hard-seed_b
./legacy-active/docs/runtime-evidence/r2-v3-formal/calibration-360-v46-combined/r2v3-cal-Town10HD-cut_in_right-medium-seed_a	../calibration-360-v46-teacher/r2v3-cal-Town10HD-cut_in_right-medium-seed_a
./legacy-active/docs/runtime-evidence/r2-v3-formal/calibration-360-v46-combined/r2v3-cal-Town10HD-cut_in_right-medium-seed_b	../calibration-360-v46-teacher/r2v3-cal-Town10HD-cut_in_right-medium-seed_b
./legacy-active/docs/runtime-evidence/r2-v3-formal/calibration-360-v46-combined/r2v3-cal-Town10HD-cut_in_right-mild-seed_a	../calibration-360-v46-teacher/r2v3-cal-Town10HD-cut_in_right-mild-seed_a
./legacy-active/docs/runtime-evidence/r2-v3-formal/calibration-360-v46-combined/r2v3-cal-Town10HD-cut_in_right-mild-seed_b	../calibration-360-v46-teacher/r2v3-cal-Town10HD-cut_in_right-mild-seed_b
./legacy-active/docs/runtime-evidence/r2-v3-formal/calibration-360-v46-combined/r2v3-cal-Town10HD-follow_stop-hard-seed_a	../calibration-360-v46-teacher/r2v3-cal-Town10HD-follow_stop-hard-seed_a
./legacy-active/docs/runtime-evidence/r2-v3-formal/calibration-360-v46-combined/r2v3-cal-Town10HD-follow_stop-hard-seed_b	../calibration-360-v46-teacher/r2v3-cal-Town10HD-follow_stop-hard-seed_b
./legacy-active/docs/runtime-evidence/r2-v3-formal/calibration-360-v46-combined/r2v3-cal-Town10HD-follow_stop-medium-seed_a	../calibration-360-v46-teacher/r2v3-cal-Town10HD-follow_stop-medium-seed_a
./legacy-active/docs/runtime-evidence/r2-v3-formal/calibration-360-v46-combined/r2v3-cal-Town10HD-follow_stop-medium-seed_b	../calibration-360-v46-teacher/r2v3-cal-Town10HD-follow_stop-medium-seed_b
./legacy-active/docs/runtime-evidence/r2-v3-formal/calibration-360-v46-combined/r2v3-cal-Town10HD-follow_stop-mild-seed_a	../calibration-360-v46-teacher/r2v3-cal-Town10HD-follow_stop-mild-seed_a
./legacy-active/docs/runtime-evidence/r2-v3-formal/calibration-360-v46-combined/r2v3-cal-Town10HD-follow_stop-mild-seed_b	../calibration-360-v46-teacher/r2v3-cal-Town10HD-follow_stop-mild-seed_b
./legacy-active/docs/runtime-evidence/r2-v3-formal/calibration-360-v46-combined/r2v3-cal-Town10HD-junction_straight-hard-seed_a	../calibration-360-v46-teacher/r2v3-cal-Town10HD-junction_straight-hard-seed_a
./legacy-active/docs/runtime-evidence/r2-v3-formal/calibration-360-v46-combined/r2v3-cal-Town10HD-junction_straight-hard-seed_b	../calibration-360-v46-teacher/r2v3-cal-Town10HD-junction_straight-hard-seed_b
./legacy-active/docs/runtime-evidence/r2-v3-formal/calibration-360-v46-combined/r2v3-cal-Town10HD-junction_straight-medium-seed_a	../calibration-360-v46-teacher/r2v3-cal-Town10HD-junction_straight-medium-seed_a
./legacy-active/docs/runtime-evidence/r2-v3-formal/calibration-360-v46-combined/r2v3-cal-Town10HD-junction_straight-medium-seed_b	../calibration-360-v46-teacher/r2v3-cal-Town10HD-junction_straight-medium-seed_b
./legacy-active/docs/runtime-evidence/r2-v3-formal/calibration-360-v46-combined/r2v3-cal-Town10HD-junction_straight-mild-seed_a	../calibration-360-v46-teacher/r2v3-cal-Town10HD-junction_straight-mild-seed_a
./legacy-active/docs/runtime-evidence/r2-v3-formal/calibration-360-v46-combined/r2v3-cal-Town10HD-junction_straight-mild-seed_b	../calibration-360-v46-teacher/r2v3-cal-Town10HD-junction_straight-mild-seed_b
./legacy-active/docs/runtime-evidence/r2-v3-formal/calibration-360-v46-combined/r2v3-cal-Town10HD-merge_yield-hard-seed_a	../calibration-360-v46-teacher/r2v3-cal-Town10HD-merge_yield-hard-seed_a
./legacy-active/docs/runtime-evidence/r2-v3-formal/calibration-360-v46-combined/r2v3-cal-Town10HD-merge_yield-hard-seed_b	../calibration-360-v46-teacher/r2v3-cal-Town10HD-merge_yield-hard-seed_b
./legacy-active/docs/runtime-evidence/r2-v3-formal/calibration-360-v46-combined/r2v3-cal-Town10HD-merge_yield-medium-seed_a	../calibration-360-v46-teacher/r2v3-cal-Town10HD-merge_yield-medium-seed_a
./legacy-active/docs/runtime-evidence/r2-v3-formal/calibration-360-v46-combined/r2v3-cal-Town10HD-merge_yield-medium-seed_b	../calibration-360-v46-teacher/r2v3-cal-Town10HD-merge_yield-medium-seed_b
./legacy-active/docs/runtime-evidence/r2-v3-formal/calibration-360-v46-combined/r2v3-cal-Town10HD-merge_yield-mild-seed_a	../calibration-360-v46-teacher/r2v3-cal-Town10HD-merge_yield-mild-seed_a
./legacy-active/docs/runtime-evidence/r2-v3-formal/calibration-360-v46-combined/r2v3-cal-Town10HD-merge_yield-mild-seed_b	../calibration-360-v46-teacher/r2v3-cal-Town10HD-merge_yield-mild-seed_b
./legacy-active/docs/runtime-evidence/r2-v3-formal/calibration-360-v46-combined/r2v3-cal-Town10HD-overtake_left-hard-seed_a	../calibration-360-v46-teacher/r2v3-cal-Town10HD-overtake_left-hard-seed_a
./legacy-active/docs/runtime-evidence/r2-v3-formal/calibration-360-v46-combined/r2v3-cal-Town10HD-overtake_left-hard-seed_b	../calibration-360-v46-teacher/r2v3-cal-Town10HD-overtake_left-hard-seed_b
./legacy-active/docs/runtime-evidence/r2-v3-formal/calibration-360-v46-combined/r2v3-cal-Town10HD-overtake_left-medium-seed_a	../calibration-360-v46-teacher/r2v3-cal-Town10HD-overtake_left-medium-seed_a
./legacy-active/docs/runtime-evidence/r2-v3-formal/calibration-360-v46-combined/r2v3-cal-Town10HD-overtake_left-medium-seed_b	../calibration-360-v46-teacher/r2v3-cal-Town10HD-overtake_left-medium-seed_b
./legacy-active/docs/runtime-evidence/r2-v3-formal/calibration-360-v46-combined/r2v3-cal-Town10HD-overtake_left-mild-seed_a	../calibration-360-v46-teacher/r2v3-cal-Town10HD-overtake_left-mild-seed_a
./legacy-active/docs/runtime-evidence/r2-v3-formal/calibration-360-v46-combined/r2v3-cal-Town10HD-overtake_left-mild-seed_b	../calibration-360-v46-teacher/r2v3-cal-Town10HD-overtake_left-mild-seed_b
./legacy-active/docs/runtime-evidence/r2-v3-formal/calibration-360-v46-combined/r2v3-cal-Town10HD-overtake_right-hard-seed_a	../calibration-360-v46-teacher/r2v3-cal-Town10HD-overtake_right-hard-seed_a
./legacy-active/docs/runtime-evidence/r2-v3-formal/calibration-360-v46-combined/r2v3-cal-Town10HD-overtake_right-hard-seed_b	../calibration-360-v46-teacher/r2v3-cal-Town10HD-overtake_right-hard-seed_b
./legacy-active/docs/runtime-evidence/r2-v3-formal/calibration-360-v46-combined/r2v3-cal-Town10HD-overtake_right-medium-seed_a	../calibration-360-v46-teacher/r2v3-cal-Town10HD-overtake_right-medium-seed_a
./legacy-active/docs/runtime-evidence/r2-v3-formal/calibration-360-v46-combined/r2v3-cal-Town10HD-overtake_right-medium-seed_b	../calibration-360-v46-teacher/r2v3-cal-Town10HD-overtake_right-medium-seed_b
./legacy-active/docs/runtime-evidence/r2-v3-formal/calibration-360-v46-combined/r2v3-cal-Town10HD-overtake_right-mild-seed_a	../calibration-360-v46-teacher/r2v3-cal-Town10HD-overtake_right-mild-seed_a
./legacy-active/docs/runtime-evidence/r2-v3-formal/calibration-360-v46-combined/r2v3-cal-Town10HD-overtake_right-mild-seed_b	../calibration-360-v46-teacher/r2v3-cal-Town10HD-overtake_right-mild-seed_b
./legacy-active/docs/runtime-evidence/r2-v3-formal/calibration-360-v46-combined/r2v3-cal-Town10HD-route_change_left_right-hard-seed_a	../calibration-360-v46-teacher/r2v3-cal-Town10HD-route_change_left_right-hard-seed_a
./legacy-active/docs/runtime-evidence/r2-v3-formal/calibration-360-v46-combined/r2v3-cal-Town10HD-route_change_left_right-hard-seed_b	../calibration-360-v46-teacher/r2v3-cal-Town10HD-route_change_left_right-hard-seed_b
./legacy-active/docs/runtime-evidence/r2-v3-formal/calibration-360-v46-combined/r2v3-cal-Town10HD-route_change_left_right-medium-seed_a	../calibration-360-v46-teacher/r2v3-cal-Town10HD-route_change_left_right-medium-seed_a
./legacy-active/docs/runtime-evidence/r2-v3-formal/calibration-360-v46-combined/r2v3-cal-Town10HD-route_change_left_right-medium-seed_b	../calibration-360-v46-teacher/r2v3-cal-Town10HD-route_change_left_right-medium-seed_b
./legacy-active/docs/runtime-evidence/r2-v3-formal/calibration-360-v46-combined/r2v3-cal-Town10HD-route_change_left_right-mild-seed_a	../calibration-360-v46-teacher/r2v3-cal-Town10HD-route_change_left_right-mild-seed_a
./legacy-active/docs/runtime-evidence/r2-v3-formal/calibration-360-v46-combined/r2v3-cal-Town10HD-route_change_left_right-mild-seed_b	../calibration-360-v46-teacher/r2v3-cal-Town10HD-route_change_left_right-mild-seed_b
./legacy-active/docs/runtime-evidence/r2-v3-formal/calibration-360-v46-combined/r2v3-cal-Town10HD-straight_curve-hard-seed_a	../calibration-360-v46-teacher/r2v3-cal-Town10HD-straight_curve-hard-seed_a
./legacy-active/docs/runtime-evidence/r2-v3-formal/calibration-360-v46-combined/r2v3-cal-Town10HD-straight_curve-hard-seed_b	../calibration-360-v46-teacher/r2v3-cal-Town10HD-straight_curve-hard-seed_b
./legacy-active/docs/runtime-evidence/r2-v3-formal/calibration-360-v46-combined/r2v3-cal-Town10HD-straight_curve-medium-seed_a	../calibration-360-v46-teacher/r2v3-cal-Town10HD-straight_curve-medium-seed_a
./legacy-active/docs/runtime-evidence/r2-v3-formal/calibration-360-v46-combined/r2v3-cal-Town10HD-straight_curve-medium-seed_b	../calibration-360-v46-teacher/r2v3-cal-Town10HD-straight_curve-medium-seed_b
./legacy-active/docs/runtime-evidence/r2-v3-formal/calibration-360-v46-combined/r2v3-cal-Town10HD-straight_curve-mild-seed_a	../calibration-360-v46-teacher/r2v3-cal-Town10HD-straight_curve-mild-seed_a
./legacy-active/docs/runtime-evidence/r2-v3-formal/calibration-360-v46-combined/r2v3-cal-Town10HD-straight_curve-mild-seed_b	../calibration-360-v46-teacher/r2v3-cal-Town10HD-straight_curve-mild-seed_b
./legacy-active/docs/runtime-evidence/r2-v3-formal/calibration-360-v46-combined/r2v3-cal-Town10HD-traffic_control-hard-seed_a	../calibration-360-v46-teacher/r2v3-cal-Town10HD-traffic_control-hard-seed_a
./legacy-active/docs/runtime-evidence/r2-v3-formal/calibration-360-v46-combined/r2v3-cal-Town10HD-traffic_control-hard-seed_b	../calibration-360-v46-teacher/r2v3-cal-Town10HD-traffic_control-hard-seed_b
./legacy-active/docs/runtime-evidence/r2-v3-formal/calibration-360-v46-combined/r2v3-cal-Town10HD-traffic_control-medium-seed_a	../calibration-360-v46-teacher/r2v3-cal-Town10HD-traffic_control-medium-seed_a
./legacy-active/docs/runtime-evidence/r2-v3-formal/calibration-360-v46-combined/r2v3-cal-Town10HD-traffic_control-medium-seed_b	../calibration-360-v46-teacher/r2v3-cal-Town10HD-traffic_control-medium-seed_b
./legacy-active/docs/runtime-evidence/r2-v3-formal/calibration-360-v46-combined/r2v3-cal-Town10HD-traffic_control-mild-seed_a	../calibration-360-v46-teacher/r2v3-cal-Town10HD-traffic_control-mild-seed_a
./legacy-active/docs/runtime-evidence/r2-v3-formal/calibration-360-v46-combined/r2v3-cal-Town10HD-traffic_control-mild-seed_b	../calibration-360-v46-teacher/r2v3-cal-Town10HD-traffic_control-mild-seed_b
./legacy-active/docs/runtime-evidence/r2-v3-formal/calibration-360-v46-combined/r2v3-cal-Town10HD-turn_left_right-hard-seed_a	../calibration-360-v46-teacher/r2v3-cal-Town10HD-turn_left_right-hard-seed_a
./legacy-active/docs/runtime-evidence/r2-v3-formal/calibration-360-v46-combined/r2v3-cal-Town10HD-turn_left_right-hard-seed_b	../calibration-360-v46-teacher/r2v3-cal-Town10HD-turn_left_right-hard-seed_b
./legacy-active/docs/runtime-evidence/r2-v3-formal/calibration-360-v46-combined/r2v3-cal-Town10HD-turn_left_right-medium-seed_a	../calibration-360-v46-teacher/r2v3-cal-Town10HD-turn_left_right-medium-seed_a
./legacy-active/docs/runtime-evidence/r2-v3-formal/calibration-360-v46-combined/r2v3-cal-Town10HD-turn_left_right-medium-seed_b	../calibration-360-v46-teacher/r2v3-cal-Town10HD-turn_left_right-medium-seed_b
./legacy-active/docs/runtime-evidence/r2-v3-formal/calibration-360-v46-combined/r2v3-cal-Town10HD-turn_left_right-mild-seed_a	../calibration-360-v46-teacher/r2v3-cal-Town10HD-turn_left_right-mild-seed_a
./legacy-active/docs/runtime-evidence/r2-v3-formal/calibration-360-v46-combined/r2v3-cal-Town10HD-turn_left_right-mild-seed_b	../calibration-360-v46-teacher/r2v3-cal-Town10HD-turn_left_right-mild-seed_b
./legacy-active/docs/runtime-evidence/r2-v3-formal/calibration-360-v46-combined/r2v3-cal-Town12-crossing_turn_yield-hard-seed_a	../calibration-360-v46-teacher/r2v3-cal-Town12-crossing_turn_yield-hard-seed_a
./legacy-active/docs/runtime-evidence/r2-v3-formal/calibration-360-v46-combined/r2v3-cal-Town12-crossing_turn_yield-hard-seed_b	../calibration-360-v46-teacher/r2v3-cal-Town12-crossing_turn_yield-hard-seed_b
./legacy-active/docs/runtime-evidence/r2-v3-formal/calibration-360-v46-combined/r2v3-cal-Town12-crossing_turn_yield-medium-seed_a	../calibration-360-v46-teacher/r2v3-cal-Town12-crossing_turn_yield-medium-seed_a
./legacy-active/docs/runtime-evidence/r2-v3-formal/calibration-360-v46-combined/r2v3-cal-Town12-crossing_turn_yield-medium-seed_b	../calibration-360-v46-teacher/r2v3-cal-Town12-crossing_turn_yield-medium-seed_b
./legacy-active/docs/runtime-evidence/r2-v3-formal/calibration-360-v46-combined/r2v3-cal-Town12-crossing_turn_yield-mild-seed_a	../calibration-360-v46-teacher/r2v3-cal-Town12-crossing_turn_yield-mild-seed_a
./legacy-active/docs/runtime-evidence/r2-v3-formal/calibration-360-v46-combined/r2v3-cal-Town12-crossing_turn_yield-mild-seed_b	../calibration-360-v46-teacher/r2v3-cal-Town12-crossing_turn_yield-mild-seed_b
./legacy-active/docs/runtime-evidence/r2-v3-formal/calibration-360-v46-combined/r2v3-cal-Town12-cut_in_left-hard-seed_a	../calibration-360-v46-teacher/r2v3-cal-Town12-cut_in_left-hard-seed_a
./legacy-active/docs/runtime-evidence/r2-v3-formal/calibration-360-v46-combined/r2v3-cal-Town12-cut_in_left-hard-seed_b	../calibration-360-v46-teacher/r2v3-cal-Town12-cut_in_left-hard-seed_b
./legacy-active/docs/runtime-evidence/r2-v3-formal/calibration-360-v46-combined/r2v3-cal-Town12-cut_in_left-medium-seed_a	../calibration-360-v46-teacher/r2v3-cal-Town12-cut_in_left-medium-seed_a
./legacy-active/docs/runtime-evidence/r2-v3-formal/calibration-360-v46-combined/r2v3-cal-Town12-cut_in_left-medium-seed_b	../calibration-360-v46-teacher/r2v3-cal-Town12-cut_in_left-medium-seed_b
./legacy-active/docs/runtime-evidence/r2-v3-formal/calibration-360-v46-combined/r2v3-cal-Town12-cut_in_left-mild-seed_a	../calibration-360-v46-teacher/r2v3-cal-Town12-cut_in_left-mild-seed_a
./legacy-active/docs/runtime-evidence/r2-v3-formal/calibration-360-v46-combined/r2v3-cal-Town12-cut_in_left-mild-seed_b	../calibration-360-v46-teacher/r2v3-cal-Town12-cut_in_left-mild-seed_b
./legacy-active/docs/runtime-evidence/r2-v3-formal/calibration-360-v46-combined/r2v3-cal-Town12-cut_in_right-hard-seed_a	../calibration-360-v46-teacher/r2v3-cal-Town12-cut_in_right-hard-seed_a
./legacy-active/docs/runtime-evidence/r2-v3-formal/calibration-360-v46-combined/r2v3-cal-Town12-cut_in_right-hard-seed_b	../calibration-360-v46-teacher/r2v3-cal-Town12-cut_in_right-hard-seed_b
./legacy-active/docs/runtime-evidence/r2-v3-formal/calibration-360-v46-combined/r2v3-cal-Town12-cut_in_right-medium-seed_a	../calibration-360-v46-teacher/r2v3-cal-Town12-cut_in_right-medium-seed_a
./legacy-active/docs/runtime-evidence/r2-v3-formal/calibration-360-v46-combined/r2v3-cal-Town12-cut_in_right-medium-seed_b	../calibration-360-v46-teacher/r2v3-cal-Town12-cut_in_right-medium-seed_b
./legacy-active/docs/runtime-evidence/r2-v3-formal/calibration-360-v46-combined/r2v3-cal-Town12-cut_in_right-mild-seed_a	../calibration-360-v46-teacher/r2v3-cal-Town12-cut_in_right-mild-seed_a
./legacy-active/docs/runtime-evidence/r2-v3-formal/calibration-360-v46-combined/r2v3-cal-Town12-cut_in_right-mild-seed_b	../calibration-360-v46-teacher/r2v3-cal-Town12-cut_in_right-mild-seed_b
./legacy-active/docs/runtime-evidence/r2-v3-formal/calibration-360-v46-combined/r2v3-cal-Town12-follow_stop-hard-seed_a	../calibration-360-v46-teacher/r2v3-cal-Town12-follow_stop-hard-seed_a
./legacy-active/docs/runtime-evidence/r2-v3-formal/calibration-360-v46-combined/r2v3-cal-Town12-follow_stop-hard-seed_b	../calibration-360-v46-teacher/r2v3-cal-Town12-follow_stop-hard-seed_b
./legacy-active/docs/runtime-evidence/r2-v3-formal/calibration-360-v46-combined/r2v3-cal-Town12-follow_stop-medium-seed_a	../calibration-360-v46-teacher/r2v3-cal-Town12-follow_stop-medium-seed_a
./legacy-active/docs/runtime-evidence/r2-v3-formal/calibration-360-v46-combined/r2v3-cal-Town12-follow_stop-medium-seed_b	../calibration-360-v46-teacher/r2v3-cal-Town12-follow_stop-medium-seed_b
./legacy-active/docs/runtime-evidence/r2-v3-formal/calibration-360-v46-combined/r2v3-cal-Town12-follow_stop-mild-seed_a	../calibration-360-v46-teacher/r2v3-cal-Town12-follow_stop-mild-seed_a
./legacy-active/docs/runtime-evidence/r2-v3-formal/calibration-360-v46-combined/r2v3-cal-Town12-follow_stop-mild-seed_b	../calibration-360-v46-teacher/r2v3-cal-Town12-follow_stop-mild-seed_b
./legacy-active/docs/runtime-evidence/r2-v3-formal/calibration-360-v46-combined/r2v3-cal-Town12-junction_straight-hard-seed_a	../calibration-360-v46-teacher/r2v3-cal-Town12-junction_straight-hard-seed_a
./legacy-active/docs/runtime-evidence/r2-v3-formal/calibration-360-v46-combined/r2v3-cal-Town12-junction_straight-hard-seed_b	../calibration-360-v46-teacher/r2v3-cal-Town12-junction_straight-hard-seed_b
./legacy-active/docs/runtime-evidence/r2-v3-formal/calibration-360-v46-combined/r2v3-cal-Town12-junction_straight-medium-seed_a	../calibration-360-v46-teacher/r2v3-cal-Town12-junction_straight-medium-seed_a
./legacy-active/docs/runtime-evidence/r2-v3-formal/calibration-360-v46-combined/r2v3-cal-Town12-junction_straight-medium-seed_b	../calibration-360-v46-teacher/r2v3-cal-Town12-junction_straight-medium-seed_b
./legacy-active/docs/runtime-evidence/r2-v3-formal/calibration-360-v46-combined/r2v3-cal-Town12-junction_straight-mild-seed_a	../calibration-360-v46-teacher/r2v3-cal-Town12-junction_straight-mild-seed_a
./legacy-active/docs/runtime-evidence/r2-v3-formal/calibration-360-v46-combined/r2v3-cal-Town12-junction_straight-mild-seed_b	../calibration-360-v46-teacher/r2v3-cal-Town12-junction_straight-mild-seed_b
./legacy-active/docs/runtime-evidence/r2-v3-formal/calibration-360-v46-combined/r2v3-cal-Town12-merge_yield-hard-seed_a	../calibration-360-v46-teacher/r2v3-cal-Town12-merge_yield-hard-seed_a
./legacy-active/docs/runtime-evidence/r2-v3-formal/calibration-360-v46-combined/r2v3-cal-Town12-merge_yield-hard-seed_b	../calibration-360-v46-teacher/r2v3-cal-Town12-merge_yield-hard-seed_b
./legacy-active/docs/runtime-evidence/r2-v3-formal/calibration-360-v46-combined/r2v3-cal-Town12-merge_yield-medium-seed_a	../calibration-360-v46-teacher/r2v3-cal-Town12-merge_yield-medium-seed_a
./legacy-active/docs/runtime-evidence/r2-v3-formal/calibration-360-v46-combined/r2v3-cal-Town12-merge_yield-medium-seed_b	../calibration-360-v46-teacher/r2v3-cal-Town12-merge_yield-medium-seed_b
./legacy-active/docs/runtime-evidence/r2-v3-formal/calibration-360-v46-combined/r2v3-cal-Town12-merge_yield-mild-seed_a	../calibration-360-v46-teacher/r2v3-cal-Town12-merge_yield-mild-seed_a
./legacy-active/docs/runtime-evidence/r2-v3-formal/calibration-360-v46-combined/r2v3-cal-Town12-merge_yield-mild-seed_b	../calibration-360-v46-teacher/r2v3-cal-Town12-merge_yield-mild-seed_b
./legacy-active/docs/runtime-evidence/r2-v3-formal/calibration-360-v46-combined/r2v3-cal-Town12-overtake_left-hard-seed_a	../calibration-360-v46-teacher/r2v3-cal-Town12-overtake_left-hard-seed_a
./legacy-active/docs/runtime-evidence/r2-v3-formal/calibration-360-v46-combined/r2v3-cal-Town12-overtake_left-hard-seed_b	../calibration-360-v46-teacher/r2v3-cal-Town12-overtake_left-hard-seed_b
./legacy-active/docs/runtime-evidence/r2-v3-formal/calibration-360-v46-combined/r2v3-cal-Town12-overtake_left-medium-seed_a	../calibration-360-v46-teacher/r2v3-cal-Town12-overtake_left-medium-seed_a
./legacy-active/docs/runtime-evidence/r2-v3-formal/calibration-360-v46-combined/r2v3-cal-Town12-overtake_left-medium-seed_b	../calibration-360-v46-teacher/r2v3-cal-Town12-overtake_left-medium-seed_b
./legacy-active/docs/runtime-evidence/r2-v3-formal/calibration-360-v46-combined/r2v3-cal-Town12-overtake_left-mild-seed_a	../calibration-360-v46-teacher/r2v3-cal-Town12-overtake_left-mild-seed_a
./legacy-active/docs/runtime-evidence/r2-v3-formal/calibration-360-v46-combined/r2v3-cal-Town12-overtake_left-mild-seed_b	../calibration-360-v46-teacher/r2v3-cal-Town12-overtake_left-mild-seed_b
./legacy-active/docs/runtime-evidence/r2-v3-formal/calibration-360-v46-combined/r2v3-cal-Town12-overtake_right-hard-seed_a	../calibration-360-v46-teacher/r2v3-cal-Town12-overtake_right-hard-seed_a
./legacy-active/docs/runtime-evidence/r2-v3-formal/calibration-360-v46-combined/r2v3-cal-Town12-overtake_right-hard-seed_b	../calibration-360-v46-teacher/r2v3-cal-Town12-overtake_right-hard-seed_b
./legacy-active/docs/runtime-evidence/r2-v3-formal/calibration-360-v46-combined/r2v3-cal-Town12-overtake_right-medium-seed_a	../calibration-360-v46-teacher/r2v3-cal-Town12-overtake_right-medium-seed_a
./legacy-active/docs/runtime-evidence/r2-v3-formal/calibration-360-v46-combined/r2v3-cal-Town12-overtake_right-medium-seed_b	../calibration-360-v46-teacher/r2v3-cal-Town12-overtake_right-medium-seed_b
./legacy-active/docs/runtime-evidence/r2-v3-formal/calibration-360-v46-combined/r2v3-cal-Town12-overtake_right-mild-seed_a	../calibration-360-v46-teacher/r2v3-cal-Town12-overtake_right-mild-seed_a
./legacy-active/docs/runtime-evidence/r2-v3-formal/calibration-360-v46-combined/r2v3-cal-Town12-overtake_right-mild-seed_b	../calibration-360-v46-teacher/r2v3-cal-Town12-overtake_right-mild-seed_b
./legacy-active/docs/runtime-evidence/r2-v3-formal/calibration-360-v46-combined/r2v3-cal-Town12-route_change_left_right-hard-seed_a	../calibration-360-v46-teacher/r2v3-cal-Town12-route_change_left_right-hard-seed_a
./legacy-active/docs/runtime-evidence/r2-v3-formal/calibration-360-v46-combined/r2v3-cal-Town12-route_change_left_right-hard-seed_b	../calibration-360-v46-teacher/r2v3-cal-Town12-route_change_left_right-hard-seed_b
./legacy-active/docs/runtime-evidence/r2-v3-formal/calibration-360-v46-combined/r2v3-cal-Town12-route_change_left_right-medium-seed_a	../calibration-360-v46-teacher/r2v3-cal-Town12-route_change_left_right-medium-seed_a
./legacy-active/docs/runtime-evidence/r2-v3-formal/calibration-360-v46-combined/r2v3-cal-Town12-route_change_left_right-medium-seed_b	../calibration-360-v46-teacher/r2v3-cal-Town12-route_change_left_right-medium-seed_b
./legacy-active/docs/runtime-evidence/r2-v3-formal/calibration-360-v46-combined/r2v3-cal-Town12-route_change_left_right-mild-seed_a	../calibration-360-v46-teacher/r2v3-cal-Town12-route_change_left_right-mild-seed_a
./legacy-active/docs/runtime-evidence/r2-v3-formal/calibration-360-v46-combined/r2v3-cal-Town12-route_change_left_right-mild-seed_b	../calibration-360-v46-teacher/r2v3-cal-Town12-route_change_left_right-mild-seed_b
./legacy-active/docs/runtime-evidence/r2-v3-formal/calibration-360-v46-combined/r2v3-cal-Town12-straight_curve-hard-seed_a	../calibration-360-v46-teacher/r2v3-cal-Town12-straight_curve-hard-seed_a
./legacy-active/docs/runtime-evidence/r2-v3-formal/calibration-360-v46-combined/r2v3-cal-Town12-straight_curve-hard-seed_b	../calibration-360-v46-teacher/r2v3-cal-Town12-straight_curve-hard-seed_b
./legacy-active/docs/runtime-evidence/r2-v3-formal/calibration-360-v46-combined/r2v3-cal-Town12-straight_curve-medium-seed_a	../calibration-360-v46-teacher/r2v3-cal-Town12-straight_curve-medium-seed_a
./legacy-active/docs/runtime-evidence/r2-v3-formal/calibration-360-v46-combined/r2v3-cal-Town12-straight_curve-medium-seed_b	../calibration-360-v46-teacher/r2v3-cal-Town12-straight_curve-medium-seed_b
./legacy-active/docs/runtime-evidence/r2-v3-formal/calibration-360-v46-combined/r2v3-cal-Town12-straight_curve-mild-seed_a	../calibration-360-v46-teacher/r2v3-cal-Town12-straight_curve-mild-seed_a
./legacy-active/docs/runtime-evidence/r2-v3-formal/calibration-360-v46-combined/r2v3-cal-Town12-straight_curve-mild-seed_b	../calibration-360-v46-teacher/r2v3-cal-Town12-straight_curve-mild-seed_b
./legacy-active/docs/runtime-evidence/r2-v3-formal/calibration-360-v46-combined/r2v3-cal-Town12-traffic_control-hard-seed_a	../calibration-360-v46-teacher/r2v3-cal-Town12-traffic_control-hard-seed_a
./legacy-active/docs/runtime-evidence/r2-v3-formal/calibration-360-v46-combined/r2v3-cal-Town12-traffic_control-hard-seed_b	../calibration-360-v46-teacher/r2v3-cal-Town12-traffic_control-hard-seed_b
./legacy-active/docs/runtime-evidence/r2-v3-formal/calibration-360-v46-combined/r2v3-cal-Town12-traffic_control-medium-seed_a	../calibration-360-v46-teacher/r2v3-cal-Town12-traffic_control-medium-seed_a
./legacy-active/docs/runtime-evidence/r2-v3-formal/calibration-360-v46-combined/r2v3-cal-Town12-traffic_control-medium-seed_b	../calibration-360-v46-teacher/r2v3-cal-Town12-traffic_control-medium-seed_b
./legacy-active/docs/runtime-evidence/r2-v3-formal/calibration-360-v46-combined/r2v3-cal-Town12-traffic_control-mild-seed_a	../calibration-360-v46-teacher/r2v3-cal-Town12-traffic_control-mild-seed_a
./legacy-active/docs/runtime-evidence/r2-v3-formal/calibration-360-v46-combined/r2v3-cal-Town12-traffic_control-mild-seed_b	../calibration-360-v46-teacher/r2v3-cal-Town12-traffic_control-mild-seed_b
./legacy-active/docs/runtime-evidence/r2-v3-formal/calibration-360-v46-combined/r2v3-cal-Town12-turn_left_right-hard-seed_a	../calibration-360-v46-teacher/r2v3-cal-Town12-turn_left_right-hard-seed_a
./legacy-active/docs/runtime-evidence/r2-v3-formal/calibration-360-v46-combined/r2v3-cal-Town12-turn_left_right-hard-seed_b	../calibration-360-v46-teacher/r2v3-cal-Town12-turn_left_right-hard-seed_b
./legacy-active/docs/runtime-evidence/r2-v3-formal/calibration-360-v46-combined/r2v3-cal-Town12-turn_left_right-medium-seed_a	../calibration-360-v46-teacher/r2v3-cal-Town12-turn_left_right-medium-seed_a
./legacy-active/docs/runtime-evidence/r2-v3-formal/calibration-360-v46-combined/r2v3-cal-Town12-turn_left_right-medium-seed_b	../calibration-360-v46-teacher/r2v3-cal-Town12-turn_left_right-medium-seed_b
./legacy-active/docs/runtime-evidence/r2-v3-formal/calibration-360-v46-combined/r2v3-cal-Town12-turn_left_right-mild-seed_a	../calibration-360-v46-teacher/r2v3-cal-Town12-turn_left_right-mild-seed_a
./legacy-active/docs/runtime-evidence/r2-v3-formal/calibration-360-v46-combined/r2v3-cal-Town12-turn_left_right-mild-seed_b	../calibration-360-v46-teacher/r2v3-cal-Town12-turn_left_right-mild-seed_b
./legacy-active/docs/runtime-evidence/r2-v3-formal/calibration-360-v47-teacher/Town05/r2v3-cal-Town05-crossing_turn_yield-hard-seed_a	../../calibration-360-v46-teacher/r2v3-cal-Town05-crossing_turn_yield-hard-seed_a
./legacy-active/docs/runtime-evidence/r2-v3-formal/calibration-360-v47-teacher/Town05/r2v3-cal-Town05-crossing_turn_yield-hard-seed_b	../../calibration-360-v46-teacher/r2v3-cal-Town05-crossing_turn_yield-hard-seed_b
./legacy-active/docs/runtime-evidence/r2-v3-formal/calibration-360-v47-teacher/Town05/r2v3-cal-Town05-crossing_turn_yield-medium-seed_a	../../calibration-360-v46-teacher/r2v3-cal-Town05-crossing_turn_yield-medium-seed_a
./legacy-active/docs/runtime-evidence/r2-v3-formal/calibration-360-v47-teacher/Town05/r2v3-cal-Town05-crossing_turn_yield-medium-seed_b	../../calibration-360-v46-teacher/r2v3-cal-Town05-crossing_turn_yield-medium-seed_b
./legacy-active/docs/runtime-evidence/r2-v3-formal/calibration-360-v47-teacher/Town05/r2v3-cal-Town05-crossing_turn_yield-mild-seed_a	../../calibration-360-v46-teacher/r2v3-cal-Town05-crossing_turn_yield-mild-seed_a
./legacy-active/docs/runtime-evidence/r2-v3-formal/calibration-360-v47-teacher/Town05/r2v3-cal-Town05-crossing_turn_yield-mild-seed_b	../../calibration-360-v46-teacher/r2v3-cal-Town05-crossing_turn_yield-mild-seed_b
./legacy-active/docs/runtime-evidence/r2-v3-formal/calibration-360-v47-teacher/Town05/r2v3-cal-Town05-cut_in_left-hard-seed_a	../../calibration-360-v46-teacher/r2v3-cal-Town05-cut_in_left-hard-seed_a
./legacy-active/docs/runtime-evidence/r2-v3-formal/calibration-360-v47-teacher/Town05/r2v3-cal-Town05-cut_in_left-hard-seed_b	../../calibration-360-v46-teacher/r2v3-cal-Town05-cut_in_left-hard-seed_b
./legacy-active/docs/runtime-evidence/r2-v3-formal/calibration-360-v47-teacher/Town05/r2v3-cal-Town05-cut_in_left-medium-seed_a	../../calibration-360-v46-teacher/r2v3-cal-Town05-cut_in_left-medium-seed_a
./legacy-active/docs/runtime-evidence/r2-v3-formal/calibration-360-v47-teacher/Town05/r2v3-cal-Town05-cut_in_left-medium-seed_b	../../calibration-360-v46-teacher/r2v3-cal-Town05-cut_in_left-medium-seed_b
./legacy-active/docs/runtime-evidence/r2-v3-formal/calibration-360-v47-teacher/Town05/r2v3-cal-Town05-cut_in_left-mild-seed_a	../../calibration-360-v46-teacher/r2v3-cal-Town05-cut_in_left-mild-seed_a
./legacy-active/docs/runtime-evidence/r2-v3-formal/calibration-360-v47-teacher/Town05/r2v3-cal-Town05-cut_in_left-mild-seed_b	../../calibration-360-v46-teacher/r2v3-cal-Town05-cut_in_left-mild-seed_b
./legacy-active/docs/runtime-evidence/r2-v3-formal/calibration-360-v47-teacher/Town05/r2v3-cal-Town05-cut_in_right-hard-seed_a	../../calibration-360-v46-teacher/r2v3-cal-Town05-cut_in_right-hard-seed_a
./legacy-active/docs/runtime-evidence/r2-v3-formal/calibration-360-v47-teacher/Town05/r2v3-cal-Town05-cut_in_right-hard-seed_b	../../calibration-360-v46-teacher/r2v3-cal-Town05-cut_in_right-hard-seed_b
./legacy-active/docs/runtime-evidence/r2-v3-formal/calibration-360-v47-teacher/Town05/r2v3-cal-Town05-cut_in_right-medium-seed_a	../../calibration-360-v46-teacher/r2v3-cal-Town05-cut_in_right-medium-seed_a
./legacy-active/docs/runtime-evidence/r2-v3-formal/calibration-360-v47-teacher/Town05/r2v3-cal-Town05-cut_in_right-medium-seed_b	../../calibration-360-v46-teacher/r2v3-cal-Town05-cut_in_right-medium-seed_b
./legacy-active/docs/runtime-evidence/r2-v3-formal/calibration-360-v47-teacher/Town05/r2v3-cal-Town05-cut_in_right-mild-seed_a	../../calibration-360-v46-teacher/r2v3-cal-Town05-cut_in_right-mild-seed_a
./legacy-active/docs/runtime-evidence/r2-v3-formal/calibration-360-v47-teacher/Town05/r2v3-cal-Town05-cut_in_right-mild-seed_b	../../calibration-360-v46-teacher/r2v3-cal-Town05-cut_in_right-mild-seed_b
./legacy-active/docs/runtime-evidence/r2-v3-formal/calibration-360-v47-teacher/Town05/r2v3-cal-Town05-follow_stop-hard-seed_a	../../calibration-360-v46-teacher/r2v3-cal-Town05-follow_stop-hard-seed_a
./legacy-active/docs/runtime-evidence/r2-v3-formal/calibration-360-v47-teacher/Town05/r2v3-cal-Town05-follow_stop-hard-seed_b	../../calibration-360-v46-teacher/r2v3-cal-Town05-follow_stop-hard-seed_b
./legacy-active/docs/runtime-evidence/r2-v3-formal/calibration-360-v47-teacher/Town05/r2v3-cal-Town05-follow_stop-medium-seed_a	../../calibration-360-v46-teacher/r2v3-cal-Town05-follow_stop-medium-seed_a
./legacy-active/docs/runtime-evidence/r2-v3-formal/calibration-360-v47-teacher/Town05/r2v3-cal-Town05-follow_stop-medium-seed_b	../../calibration-360-v46-teacher/r2v3-cal-Town05-follow_stop-medium-seed_b
./legacy-active/docs/runtime-evidence/r2-v3-formal/calibration-360-v47-teacher/Town05/r2v3-cal-Town05-follow_stop-mild-seed_a	../../calibration-360-v46-teacher/r2v3-cal-Town05-follow_stop-mild-seed_a
./legacy-active/docs/runtime-evidence/r2-v3-formal/calibration-360-v47-teacher/Town05/r2v3-cal-Town05-follow_stop-mild-seed_b	../../calibration-360-v46-teacher/r2v3-cal-Town05-follow_stop-mild-seed_b
./legacy-active/docs/runtime-evidence/r2-v3-formal/calibration-360-v47-teacher/Town05/r2v3-cal-Town05-junction_straight-hard-seed_a	../../calibration-360-v46-teacher/r2v3-cal-Town05-junction_straight-hard-seed_a
./legacy-active/docs/runtime-evidence/r2-v3-formal/calibration-360-v47-teacher/Town05/r2v3-cal-Town05-junction_straight-hard-seed_b	../../calibration-360-v46-teacher/r2v3-cal-Town05-junction_straight-hard-seed_b
./legacy-active/docs/runtime-evidence/r2-v3-formal/calibration-360-v47-teacher/Town05/r2v3-cal-Town05-junction_straight-medium-seed_a	../../calibration-360-v46-teacher/r2v3-cal-Town05-junction_straight-medium-seed_a
./legacy-active/docs/runtime-evidence/r2-v3-formal/calibration-360-v47-teacher/Town05/r2v3-cal-Town05-junction_straight-medium-seed_b	../../calibration-360-v46-teacher/r2v3-cal-Town05-junction_straight-medium-seed_b
./legacy-active/docs/runtime-evidence/r2-v3-formal/calibration-360-v47-teacher/Town05/r2v3-cal-Town05-junction_straight-mild-seed_a	../../calibration-360-v46-teacher/r2v3-cal-Town05-junction_straight-mild-seed_a
./legacy-active/docs/runtime-evidence/r2-v3-formal/calibration-360-v47-teacher/Town05/r2v3-cal-Town05-junction_straight-mild-seed_b	../../calibration-360-v46-teacher/r2v3-cal-Town05-junction_straight-mild-seed_b
./legacy-active/docs/runtime-evidence/r2-v3-formal/calibration-360-v47-teacher/Town05/r2v3-cal-Town05-merge_yield-hard-seed_a	../../calibration-360-v46-teacher/r2v3-cal-Town05-merge_yield-hard-seed_a
./legacy-active/docs/runtime-evidence/r2-v3-formal/calibration-360-v47-teacher/Town05/r2v3-cal-Town05-merge_yield-hard-seed_b	../../calibration-360-v46-teacher/r2v3-cal-Town05-merge_yield-hard-seed_b
./legacy-active/docs/runtime-evidence/r2-v3-formal/calibration-360-v47-teacher/Town05/r2v3-cal-Town05-merge_yield-medium-seed_a	../../calibration-360-v46-teacher/r2v3-cal-Town05-merge_yield-medium-seed_a
./legacy-active/docs/runtime-evidence/r2-v3-formal/calibration-360-v47-teacher/Town05/r2v3-cal-Town05-merge_yield-medium-seed_b	../../calibration-360-v46-teacher/r2v3-cal-Town05-merge_yield-medium-seed_b
./legacy-active/docs/runtime-evidence/r2-v3-formal/calibration-360-v47-teacher/Town05/r2v3-cal-Town05-merge_yield-mild-seed_a	../../calibration-360-v46-teacher/r2v3-cal-Town05-merge_yield-mild-seed_a
./legacy-active/docs/runtime-evidence/r2-v3-formal/calibration-360-v47-teacher/Town05/r2v3-cal-Town05-merge_yield-mild-seed_b	../../calibration-360-v46-teacher/r2v3-cal-Town05-merge_yield-mild-seed_b
./legacy-active/docs/runtime-evidence/r2-v3-formal/calibration-360-v47-teacher/Town05/r2v3-cal-Town05-overtake_left-hard-seed_a	../../calibration-360-v46-teacher/r2v3-cal-Town05-overtake_left-hard-seed_a
./legacy-active/docs/runtime-evidence/r2-v3-formal/calibration-360-v47-teacher/Town05/r2v3-cal-Town05-overtake_left-hard-seed_b	../../calibration-360-v46-teacher/r2v3-cal-Town05-overtake_left-hard-seed_b
./legacy-active/docs/runtime-evidence/r2-v3-formal/calibration-360-v47-teacher/Town05/r2v3-cal-Town05-overtake_left-medium-seed_a	../../calibration-360-v46-teacher/r2v3-cal-Town05-overtake_left-medium-seed_a
./legacy-active/docs/runtime-evidence/r2-v3-formal/calibration-360-v47-teacher/Town05/r2v3-cal-Town05-overtake_left-medium-seed_b	../../calibration-360-v46-teacher/r2v3-cal-Town05-overtake_left-medium-seed_b
./legacy-active/docs/runtime-evidence/r2-v3-formal/calibration-360-v47-teacher/Town05/r2v3-cal-Town05-overtake_left-mild-seed_a	../../calibration-360-v46-teacher/r2v3-cal-Town05-overtake_left-mild-seed_a
./legacy-active/docs/runtime-evidence/r2-v3-formal/calibration-360-v47-teacher/Town05/r2v3-cal-Town05-overtake_left-mild-seed_b	../../calibration-360-v46-teacher/r2v3-cal-Town05-overtake_left-mild-seed_b
./legacy-active/docs/runtime-evidence/r2-v3-formal/calibration-360-v47-teacher/Town05/r2v3-cal-Town05-overtake_right-hard-seed_a	../../calibration-360-v46-teacher/r2v3-cal-Town05-overtake_right-hard-seed_a
./legacy-active/docs/runtime-evidence/r2-v3-formal/calibration-360-v47-teacher/Town05/r2v3-cal-Town05-overtake_right-hard-seed_b	../../calibration-360-v46-teacher/r2v3-cal-Town05-overtake_right-hard-seed_b
./legacy-active/docs/runtime-evidence/r2-v3-formal/calibration-360-v47-teacher/Town05/r2v3-cal-Town05-overtake_right-medium-seed_a	../../calibration-360-v46-teacher/r2v3-cal-Town05-overtake_right-medium-seed_a
./legacy-active/docs/runtime-evidence/r2-v3-formal/calibration-360-v47-teacher/Town05/r2v3-cal-Town05-overtake_right-medium-seed_b	../../calibration-360-v46-teacher/r2v3-cal-Town05-overtake_right-medium-seed_b
./legacy-active/docs/runtime-evidence/r2-v3-formal/calibration-360-v47-teacher/Town05/r2v3-cal-Town05-overtake_right-mild-seed_a	../../calibration-360-v46-teacher/r2v3-cal-Town05-overtake_right-mild-seed_a
./legacy-active/docs/runtime-evidence/r2-v3-formal/calibration-360-v47-teacher/Town05/r2v3-cal-Town05-overtake_right-mild-seed_b	../../calibration-360-v46-teacher/r2v3-cal-Town05-overtake_right-mild-seed_b
./legacy-active/docs/runtime-evidence/r2-v3-formal/calibration-360-v47-teacher/Town05/r2v3-cal-Town05-route_change_left_right-hard-seed_a	../../calibration-360-v46-teacher/r2v3-cal-Town05-route_change_left_right-hard-seed_a
./legacy-active/docs/runtime-evidence/r2-v3-formal/calibration-360-v47-teacher/Town05/r2v3-cal-Town05-route_change_left_right-hard-seed_b	../../calibration-360-v46-teacher/r2v3-cal-Town05-route_change_left_right-hard-seed_b
./legacy-active/docs/runtime-evidence/r2-v3-formal/calibration-360-v47-teacher/Town05/r2v3-cal-Town05-route_change_left_right-medium-seed_a	../../calibration-360-v46-teacher/r2v3-cal-Town05-route_change_left_right-medium-seed_a
./legacy-active/docs/runtime-evidence/r2-v3-formal/calibration-360-v47-teacher/Town05/r2v3-cal-Town05-route_change_left_right-medium-seed_b	../../calibration-360-v46-teacher/r2v3-cal-Town05-route_change_left_right-medium-seed_b
./legacy-active/docs/runtime-evidence/r2-v3-formal/calibration-360-v47-teacher/Town05/r2v3-cal-Town05-route_change_left_right-mild-seed_a	../../calibration-360-v46-teacher/r2v3-cal-Town05-route_change_left_right-mild-seed_a
./legacy-active/docs/runtime-evidence/r2-v3-formal/calibration-360-v47-teacher/Town05/r2v3-cal-Town05-route_change_left_right-mild-seed_b	../../calibration-360-v46-teacher/r2v3-cal-Town05-route_change_left_right-mild-seed_b
./legacy-active/docs/runtime-evidence/r2-v3-formal/calibration-360-v47-teacher/Town05/r2v3-cal-Town05-straight_curve-hard-seed_a	../../calibration-360-v46-teacher/r2v3-cal-Town05-straight_curve-hard-seed_a
./legacy-active/docs/runtime-evidence/r2-v3-formal/calibration-360-v47-teacher/Town05/r2v3-cal-Town05-straight_curve-hard-seed_b	../../calibration-360-v46-teacher/r2v3-cal-Town05-straight_curve-hard-seed_b
./legacy-active/docs/runtime-evidence/r2-v3-formal/calibration-360-v47-teacher/Town05/r2v3-cal-Town05-straight_curve-medium-seed_a	../../calibration-360-v46-teacher/r2v3-cal-Town05-straight_curve-medium-seed_a
./legacy-active/docs/runtime-evidence/r2-v3-formal/calibration-360-v47-teacher/Town05/r2v3-cal-Town05-straight_curve-medium-seed_b	../../calibration-360-v46-teacher/r2v3-cal-Town05-straight_curve-medium-seed_b
./legacy-active/docs/runtime-evidence/r2-v3-formal/calibration-360-v47-teacher/Town05/r2v3-cal-Town05-straight_curve-mild-seed_a	../../calibration-360-v46-teacher/r2v3-cal-Town05-straight_curve-mild-seed_a
./legacy-active/docs/runtime-evidence/r2-v3-formal/calibration-360-v47-teacher/Town05/r2v3-cal-Town05-straight_curve-mild-seed_b	../../calibration-360-v46-teacher/r2v3-cal-Town05-straight_curve-mild-seed_b
./legacy-active/docs/runtime-evidence/r2-v3-formal/calibration-360-v47-teacher/Town05/r2v3-cal-Town05-turn_left_right-hard-seed_a	../../calibration-360-v46-teacher/r2v3-cal-Town05-turn_left_right-hard-seed_a
./legacy-active/docs/runtime-evidence/r2-v3-formal/calibration-360-v47-teacher/Town05/r2v3-cal-Town05-turn_left_right-hard-seed_b	../../calibration-360-v46-teacher/r2v3-cal-Town05-turn_left_right-hard-seed_b
./legacy-active/docs/runtime-evidence/r2-v3-formal/calibration-360-v47-teacher/Town05/r2v3-cal-Town05-turn_left_right-medium-seed_a	../../calibration-360-v46-teacher/r2v3-cal-Town05-turn_left_right-medium-seed_a
./legacy-active/docs/runtime-evidence/r2-v3-formal/calibration-360-v47-teacher/Town05/r2v3-cal-Town05-turn_left_right-medium-seed_b	../../calibration-360-v46-teacher/r2v3-cal-Town05-turn_left_right-medium-seed_b
./legacy-active/docs/runtime-evidence/r2-v3-formal/calibration-360-v47-teacher/Town05/r2v3-cal-Town05-turn_left_right-mild-seed_a	../../calibration-360-v46-teacher/r2v3-cal-Town05-turn_left_right-mild-seed_a
./legacy-active/docs/runtime-evidence/r2-v3-formal/calibration-360-v47-teacher/Town05/r2v3-cal-Town05-turn_left_right-mild-seed_b	../../calibration-360-v46-teacher/r2v3-cal-Town05-turn_left_right-mild-seed_b
./legacy-active/docs/runtime-evidence/r2-v3-formal/calibration-360-v48-combined/r2v3-cal-Town03-crossing_turn_yield-hard-seed_a	../calibration-pilot-v26-teacher/r2v3-cal-Town03-crossing_turn_yield-hard-seed_a
./legacy-active/docs/runtime-evidence/r2-v3-formal/calibration-360-v48-combined/r2v3-cal-Town03-crossing_turn_yield-hard-seed_b	../calibration-pilot-v26-teacher/r2v3-cal-Town03-crossing_turn_yield-hard-seed_b
./legacy-active/docs/runtime-evidence/r2-v3-formal/calibration-360-v48-combined/r2v3-cal-Town03-crossing_turn_yield-medium-seed_a	../calibration-pilot-v26-teacher/r2v3-cal-Town03-crossing_turn_yield-medium-seed_a
./legacy-active/docs/runtime-evidence/r2-v3-formal/calibration-360-v48-combined/r2v3-cal-Town03-crossing_turn_yield-medium-seed_b	../calibration-pilot-v26-teacher/r2v3-cal-Town03-crossing_turn_yield-medium-seed_b
./legacy-active/docs/runtime-evidence/r2-v3-formal/calibration-360-v48-combined/r2v3-cal-Town03-crossing_turn_yield-mild-seed_a	../calibration-pilot-v26-teacher/r2v3-cal-Town03-crossing_turn_yield-mild-seed_a
./legacy-active/docs/runtime-evidence/r2-v3-formal/calibration-360-v48-combined/r2v3-cal-Town03-crossing_turn_yield-mild-seed_b	../calibration-pilot-v26-teacher/r2v3-cal-Town03-crossing_turn_yield-mild-seed_b
./legacy-active/docs/runtime-evidence/r2-v3-formal/calibration-360-v48-combined/r2v3-cal-Town03-cut_in_left-hard-seed_a	../calibration-pilot-v26-teacher/r2v3-cal-Town03-cut_in_left-hard-seed_a
./legacy-active/docs/runtime-evidence/r2-v3-formal/calibration-360-v48-combined/r2v3-cal-Town03-cut_in_left-hard-seed_b	../calibration-pilot-v26-teacher/r2v3-cal-Town03-cut_in_left-hard-seed_b
./legacy-active/docs/runtime-evidence/r2-v3-formal/calibration-360-v48-combined/r2v3-cal-Town03-cut_in_left-medium-seed_a	../calibration-pilot-v26-teacher/r2v3-cal-Town03-cut_in_left-medium-seed_a
./legacy-active/docs/runtime-evidence/r2-v3-formal/calibration-360-v48-combined/r2v3-cal-Town03-cut_in_left-medium-seed_b	../calibration-pilot-v26-teacher/r2v3-cal-Town03-cut_in_left-medium-seed_b
./legacy-active/docs/runtime-evidence/r2-v3-formal/calibration-360-v48-combined/r2v3-cal-Town03-cut_in_left-mild-seed_a	../calibration-pilot-v26-teacher/r2v3-cal-Town03-cut_in_left-mild-seed_a
./legacy-active/docs/runtime-evidence/r2-v3-formal/calibration-360-v48-combined/r2v3-cal-Town03-cut_in_left-mild-seed_b	../calibration-pilot-v26-teacher/r2v3-cal-Town03-cut_in_left-mild-seed_b
./legacy-active/docs/runtime-evidence/r2-v3-formal/calibration-360-v48-combined/r2v3-cal-Town03-cut_in_right-hard-seed_a	../calibration-pilot-v26-teacher/r2v3-cal-Town03-cut_in_right-hard-seed_a
./legacy-active/docs/runtime-evidence/r2-v3-formal/calibration-360-v48-combined/r2v3-cal-Town03-cut_in_right-hard-seed_b	../calibration-pilot-v26-teacher/r2v3-cal-Town03-cut_in_right-hard-seed_b
./legacy-active/docs/runtime-evidence/r2-v3-formal/calibration-360-v48-combined/r2v3-cal-Town03-cut_in_right-medium-seed_a	../calibration-pilot-v26-teacher/r2v3-cal-Town03-cut_in_right-medium-seed_a
./legacy-active/docs/runtime-evidence/r2-v3-formal/calibration-360-v48-combined/r2v3-cal-Town03-cut_in_right-medium-seed_b	../calibration-pilot-v26-teacher/r2v3-cal-Town03-cut_in_right-medium-seed_b
./legacy-active/docs/runtime-evidence/r2-v3-formal/calibration-360-v48-combined/r2v3-cal-Town03-cut_in_right-mild-seed_a	../calibration-pilot-v26-teacher/r2v3-cal-Town03-cut_in_right-mild-seed_a
./legacy-active/docs/runtime-evidence/r2-v3-formal/calibration-360-v48-combined/r2v3-cal-Town03-cut_in_right-mild-seed_b	../calibration-pilot-v26-teacher/r2v3-cal-Town03-cut_in_right-mild-seed_b
./legacy-active/docs/runtime-evidence/r2-v3-formal/calibration-360-v48-combined/r2v3-cal-Town03-follow_stop-hard-seed_a	../calibration-pilot-v26-teacher/r2v3-cal-Town03-follow_stop-hard-seed_a
./legacy-active/docs/runtime-evidence/r2-v3-formal/calibration-360-v48-combined/r2v3-cal-Town03-follow_stop-hard-seed_b	../calibration-pilot-v26-teacher/r2v3-cal-Town03-follow_stop-hard-seed_b
./legacy-active/docs/runtime-evidence/r2-v3-formal/calibration-360-v48-combined/r2v3-cal-Town03-follow_stop-medium-seed_a	../calibration-pilot-v26-teacher/r2v3-cal-Town03-follow_stop-medium-seed_a
./legacy-active/docs/runtime-evidence/r2-v3-formal/calibration-360-v48-combined/r2v3-cal-Town03-follow_stop-medium-seed_b	../calibration-pilot-v26-teacher/r2v3-cal-Town03-follow_stop-medium-seed_b
./legacy-active/docs/runtime-evidence/r2-v3-formal/calibration-360-v48-combined/r2v3-cal-Town03-follow_stop-mild-seed_a	../calibration-pilot-v26-teacher/r2v3-cal-Town03-follow_stop-mild-seed_a
./legacy-active/docs/runtime-evidence/r2-v3-formal/calibration-360-v48-combined/r2v3-cal-Town03-follow_stop-mild-seed_b	../calibration-pilot-v26-teacher/r2v3-cal-Town03-follow_stop-mild-seed_b
./legacy-active/docs/runtime-evidence/r2-v3-formal/calibration-360-v48-combined/r2v3-cal-Town03-junction_straight-hard-seed_a	../calibration-pilot-v26-teacher/r2v3-cal-Town03-junction_straight-hard-seed_a
./legacy-active/docs/runtime-evidence/r2-v3-formal/calibration-360-v48-combined/r2v3-cal-Town03-junction_straight-hard-seed_b	../calibration-pilot-v26-teacher/r2v3-cal-Town03-junction_straight-hard-seed_b
./legacy-active/docs/runtime-evidence/r2-v3-formal/calibration-360-v48-combined/r2v3-cal-Town03-junction_straight-medium-seed_a	../calibration-pilot-v26-teacher/r2v3-cal-Town03-junction_straight-medium-seed_a
./legacy-active/docs/runtime-evidence/r2-v3-formal/calibration-360-v48-combined/r2v3-cal-Town03-junction_straight-medium-seed_b	../calibration-pilot-v26-teacher/r2v3-cal-Town03-junction_straight-medium-seed_b
./legacy-active/docs/runtime-evidence/r2-v3-formal/calibration-360-v48-combined/r2v3-cal-Town03-junction_straight-mild-seed_a	../calibration-pilot-v26-teacher/r2v3-cal-Town03-junction_straight-mild-seed_a
./legacy-active/docs/runtime-evidence/r2-v3-formal/calibration-360-v48-combined/r2v3-cal-Town03-junction_straight-mild-seed_b	../calibration-pilot-v26-teacher/r2v3-cal-Town03-junction_straight-mild-seed_b
./legacy-active/docs/runtime-evidence/r2-v3-formal/calibration-360-v48-combined/r2v3-cal-Town03-merge_yield-hard-seed_a	../calibration-pilot-v26-teacher/r2v3-cal-Town03-merge_yield-hard-seed_a
./legacy-active/docs/runtime-evidence/r2-v3-formal/calibration-360-v48-combined/r2v3-cal-Town03-merge_yield-hard-seed_b	../calibration-pilot-v26-teacher/r2v3-cal-Town03-merge_yield-hard-seed_b
./legacy-active/docs/runtime-evidence/r2-v3-formal/calibration-360-v48-combined/r2v3-cal-Town03-merge_yield-medium-seed_a	../calibration-pilot-v26-teacher/r2v3-cal-Town03-merge_yield-medium-seed_a
./legacy-active/docs/runtime-evidence/r2-v3-formal/calibration-360-v48-combined/r2v3-cal-Town03-merge_yield-medium-seed_b	../calibration-pilot-v26-teacher/r2v3-cal-Town03-merge_yield-medium-seed_b
./legacy-active/docs/runtime-evidence/r2-v3-formal/calibration-360-v48-combined/r2v3-cal-Town03-merge_yield-mild-seed_a	../calibration-pilot-v26-teacher/r2v3-cal-Town03-merge_yield-mild-seed_a
./legacy-active/docs/runtime-evidence/r2-v3-formal/calibration-360-v48-combined/r2v3-cal-Town03-merge_yield-mild-seed_b	../calibration-pilot-v26-teacher/r2v3-cal-Town03-merge_yield-mild-seed_b
./legacy-active/docs/runtime-evidence/r2-v3-formal/calibration-360-v48-combined/r2v3-cal-Town03-overtake_left-hard-seed_a	../calibration-pilot-v26-teacher/r2v3-cal-Town03-overtake_left-hard-seed_a
./legacy-active/docs/runtime-evidence/r2-v3-formal/calibration-360-v48-combined/r2v3-cal-Town03-overtake_left-hard-seed_b	../calibration-pilot-v26-teacher/r2v3-cal-Town03-overtake_left-hard-seed_b
./legacy-active/docs/runtime-evidence/r2-v3-formal/calibration-360-v48-combined/r2v3-cal-Town03-overtake_left-medium-seed_a	../calibration-pilot-v26-teacher/r2v3-cal-Town03-overtake_left-medium-seed_a
./legacy-active/docs/runtime-evidence/r2-v3-formal/calibration-360-v48-combined/r2v3-cal-Town03-overtake_left-medium-seed_b	../calibration-pilot-v26-teacher/r2v3-cal-Town03-overtake_left-medium-seed_b
./legacy-active/docs/runtime-evidence/r2-v3-formal/calibration-360-v48-combined/r2v3-cal-Town03-overtake_left-mild-seed_a	../calibration-pilot-v26-teacher/r2v3-cal-Town03-overtake_left-mild-seed_a
./legacy-active/docs/runtime-evidence/r2-v3-formal/calibration-360-v48-combined/r2v3-cal-Town03-overtake_left-mild-seed_b	../calibration-pilot-v26-teacher/r2v3-cal-Town03-overtake_left-mild-seed_b
./legacy-active/docs/runtime-evidence/r2-v3-formal/calibration-360-v48-combined/r2v3-cal-Town03-overtake_right-hard-seed_a	../calibration-pilot-v26-teacher/r2v3-cal-Town03-overtake_right-hard-seed_a
./legacy-active/docs/runtime-evidence/r2-v3-formal/calibration-360-v48-combined/r2v3-cal-Town03-overtake_right-hard-seed_b	../calibration-pilot-v26-teacher/r2v3-cal-Town03-overtake_right-hard-seed_b
./legacy-active/docs/runtime-evidence/r2-v3-formal/calibration-360-v48-combined/r2v3-cal-Town03-overtake_right-medium-seed_a	../calibration-pilot-v26-teacher/r2v3-cal-Town03-overtake_right-medium-seed_a
./legacy-active/docs/runtime-evidence/r2-v3-formal/calibration-360-v48-combined/r2v3-cal-Town03-overtake_right-medium-seed_b	../calibration-pilot-v26-teacher/r2v3-cal-Town03-overtake_right-medium-seed_b
./legacy-active/docs/runtime-evidence/r2-v3-formal/calibration-360-v48-combined/r2v3-cal-Town03-overtake_right-mild-seed_a	../calibration-pilot-v26-teacher/r2v3-cal-Town03-overtake_right-mild-seed_a
./legacy-active/docs/runtime-evidence/r2-v3-formal/calibration-360-v48-combined/r2v3-cal-Town03-overtake_right-mild-seed_b	../calibration-pilot-v26-teacher/r2v3-cal-Town03-overtake_right-mild-seed_b
./legacy-active/docs/runtime-evidence/r2-v3-formal/calibration-360-v48-combined/r2v3-cal-Town03-route_change_left_right-hard-seed_a	../calibration-pilot-v26-teacher/r2v3-cal-Town03-route_change_left_right-hard-seed_a
./legacy-active/docs/runtime-evidence/r2-v3-formal/calibration-360-v48-combined/r2v3-cal-Town03-route_change_left_right-hard-seed_b	../calibration-pilot-v26-teacher/r2v3-cal-Town03-route_change_left_right-hard-seed_b
./legacy-active/docs/runtime-evidence/r2-v3-formal/calibration-360-v48-combined/r2v3-cal-Town03-route_change_left_right-medium-seed_a	../calibration-pilot-v26-teacher/r2v3-cal-Town03-route_change_left_right-medium-seed_a
./legacy-active/docs/runtime-evidence/r2-v3-formal/calibration-360-v48-combined/r2v3-cal-Town03-route_change_left_right-medium-seed_b	../calibration-pilot-v26-teacher/r2v3-cal-Town03-route_change_left_right-medium-seed_b
./legacy-active/docs/runtime-evidence/r2-v3-formal/calibration-360-v48-combined/r2v3-cal-Town03-route_change_left_right-mild-seed_a	../calibration-pilot-v26-teacher/r2v3-cal-Town03-route_change_left_right-mild-seed_a
./legacy-active/docs/runtime-evidence/r2-v3-formal/calibration-360-v48-combined/r2v3-cal-Town03-route_change_left_right-mild-seed_b	../calibration-pilot-v26-teacher/r2v3-cal-Town03-route_change_left_right-mild-seed_b
./legacy-active/docs/runtime-evidence/r2-v3-formal/calibration-360-v48-combined/r2v3-cal-Town03-straight_curve-hard-seed_a	../calibration-pilot-v26-teacher/r2v3-cal-Town03-straight_curve-hard-seed_a
./legacy-active/docs/runtime-evidence/r2-v3-formal/calibration-360-v48-combined/r2v3-cal-Town03-straight_curve-hard-seed_b	../calibration-pilot-v26-teacher/r2v3-cal-Town03-straight_curve-hard-seed_b
./legacy-active/docs/runtime-evidence/r2-v3-formal/calibration-360-v48-combined/r2v3-cal-Town03-straight_curve-medium-seed_a	../calibration-pilot-v26-teacher/r2v3-cal-Town03-straight_curve-medium-seed_a
./legacy-active/docs/runtime-evidence/r2-v3-formal/calibration-360-v48-combined/r2v3-cal-Town03-straight_curve-medium-seed_b	../calibration-pilot-v26-teacher/r2v3-cal-Town03-straight_curve-medium-seed_b
./legacy-active/docs/runtime-evidence/r2-v3-formal/calibration-360-v48-combined/r2v3-cal-Town03-straight_curve-mild-seed_a	../calibration-pilot-v26-teacher/r2v3-cal-Town03-straight_curve-mild-seed_a
./legacy-active/docs/runtime-evidence/r2-v3-formal/calibration-360-v48-combined/r2v3-cal-Town03-straight_curve-mild-seed_b	../calibration-pilot-v26-teacher/r2v3-cal-Town03-straight_curve-mild-seed_b
./legacy-active/docs/runtime-evidence/r2-v3-formal/calibration-360-v48-combined/r2v3-cal-Town03-traffic_control-hard-seed_a	../calibration-pilot-v26-teacher/r2v3-cal-Town03-traffic_control-hard-seed_a
./legacy-active/docs/runtime-evidence/r2-v3-formal/calibration-360-v48-combined/r2v3-cal-Town03-traffic_control-hard-seed_b	../calibration-pilot-v26-teacher/r2v3-cal-Town03-traffic_control-hard-seed_b
./legacy-active/docs/runtime-evidence/r2-v3-formal/calibration-360-v48-combined/r2v3-cal-Town03-traffic_control-medium-seed_a	../calibration-pilot-v26-teacher/r2v3-cal-Town03-traffic_control-medium-seed_a
./legacy-active/docs/runtime-evidence/r2-v3-formal/calibration-360-v48-combined/r2v3-cal-Town03-traffic_control-medium-seed_b	../calibration-pilot-v26-teacher/r2v3-cal-Town03-traffic_control-medium-seed_b
./legacy-active/docs/runtime-evidence/r2-v3-formal/calibration-360-v48-combined/r2v3-cal-Town03-traffic_control-mild-seed_a	../calibration-pilot-v26-teacher/r2v3-cal-Town03-traffic_control-mild-seed_a
./legacy-active/docs/runtime-evidence/r2-v3-formal/calibration-360-v48-combined/r2v3-cal-Town03-traffic_control-mild-seed_b	../calibration-pilot-v26-teacher/r2v3-cal-Town03-traffic_control-mild-seed_b
./legacy-active/docs/runtime-evidence/r2-v3-formal/calibration-360-v48-combined/r2v3-cal-Town03-turn_left_right-hard-seed_a	../calibration-pilot-v26-teacher/r2v3-cal-Town03-turn_left_right-hard-seed_a
./legacy-active/docs/runtime-evidence/r2-v3-formal/calibration-360-v48-combined/r2v3-cal-Town03-turn_left_right-hard-seed_b	../calibration-pilot-v26-teacher/r2v3-cal-Town03-turn_left_right-hard-seed_b
./legacy-active/docs/runtime-evidence/r2-v3-formal/calibration-360-v48-combined/r2v3-cal-Town03-turn_left_right-medium-seed_a	../calibration-pilot-v26-teacher/r2v3-cal-Town03-turn_left_right-medium-seed_a
./legacy-active/docs/runtime-evidence/r2-v3-formal/calibration-360-v48-combined/r2v3-cal-Town03-turn_left_right-medium-seed_b	../calibration-pilot-v26-teacher/r2v3-cal-Town03-turn_left_right-medium-seed_b
./legacy-active/docs/runtime-evidence/r2-v3-formal/calibration-360-v48-combined/r2v3-cal-Town03-turn_left_right-mild-seed_a	../calibration-pilot-v26-teacher/r2v3-cal-Town03-turn_left_right-mild-seed_a
./legacy-active/docs/runtime-evidence/r2-v3-formal/calibration-360-v48-combined/r2v3-cal-Town03-turn_left_right-mild-seed_b	../calibration-pilot-v26-teacher/r2v3-cal-Town03-turn_left_right-mild-seed_b
./legacy-active/docs/runtime-evidence/r2-v3-formal/calibration-360-v48-combined/r2v3-cal-Town04-crossing_turn_yield-hard-seed_a	../calibration-pilot-v26-teacher/r2v3-cal-Town04-crossing_turn_yield-hard-seed_a
./legacy-active/docs/runtime-evidence/r2-v3-formal/calibration-360-v48-combined/r2v3-cal-Town04-crossing_turn_yield-hard-seed_b	../calibration-pilot-v26-teacher/r2v3-cal-Town04-crossing_turn_yield-hard-seed_b
./legacy-active/docs/runtime-evidence/r2-v3-formal/calibration-360-v48-combined/r2v3-cal-Town04-crossing_turn_yield-medium-seed_a	../calibration-pilot-v26-teacher/r2v3-cal-Town04-crossing_turn_yield-medium-seed_a
./legacy-active/docs/runtime-evidence/r2-v3-formal/calibration-360-v48-combined/r2v3-cal-Town04-crossing_turn_yield-medium-seed_b	../calibration-pilot-v26-teacher/r2v3-cal-Town04-crossing_turn_yield-medium-seed_b
./legacy-active/docs/runtime-evidence/r2-v3-formal/calibration-360-v48-combined/r2v3-cal-Town04-crossing_turn_yield-mild-seed_a	../calibration-pilot-v26-teacher/r2v3-cal-Town04-crossing_turn_yield-mild-seed_a
./legacy-active/docs/runtime-evidence/r2-v3-formal/calibration-360-v48-combined/r2v3-cal-Town04-crossing_turn_yield-mild-seed_b	../calibration-pilot-v26-teacher/r2v3-cal-Town04-crossing_turn_yield-mild-seed_b
./legacy-active/docs/runtime-evidence/r2-v3-formal/calibration-360-v48-combined/r2v3-cal-Town04-cut_in_left-hard-seed_a	../calibration-pilot-v26-teacher/r2v3-cal-Town04-cut_in_left-hard-seed_a
./legacy-active/docs/runtime-evidence/r2-v3-formal/calibration-360-v48-combined/r2v3-cal-Town04-cut_in_left-hard-seed_b	../calibration-pilot-v26-teacher/r2v3-cal-Town04-cut_in_left-hard-seed_b
./legacy-active/docs/runtime-evidence/r2-v3-formal/calibration-360-v48-combined/r2v3-cal-Town04-cut_in_left-medium-seed_a	../calibration-pilot-v26-teacher/r2v3-cal-Town04-cut_in_left-medium-seed_a
./legacy-active/docs/runtime-evidence/r2-v3-formal/calibration-360-v48-combined/r2v3-cal-Town04-cut_in_left-medium-seed_b	../calibration-pilot-v26-teacher/r2v3-cal-Town04-cut_in_left-medium-seed_b
./legacy-active/docs/runtime-evidence/r2-v3-formal/calibration-360-v48-combined/r2v3-cal-Town04-cut_in_left-mild-seed_a	../calibration-pilot-v26-teacher/r2v3-cal-Town04-cut_in_left-mild-seed_a
./legacy-active/docs/runtime-evidence/r2-v3-formal/calibration-360-v48-combined/r2v3-cal-Town04-cut_in_left-mild-seed_b	../calibration-pilot-v26-teacher/r2v3-cal-Town04-cut_in_left-mild-seed_b
./legacy-active/docs/runtime-evidence/r2-v3-formal/calibration-360-v48-combined/r2v3-cal-Town04-cut_in_right-hard-seed_a	../calibration-pilot-v26-teacher/r2v3-cal-Town04-cut_in_right-hard-seed_a
./legacy-active/docs/runtime-evidence/r2-v3-formal/calibration-360-v48-combined/r2v3-cal-Town04-cut_in_right-hard-seed_b	../calibration-pilot-v26-teacher/r2v3-cal-Town04-cut_in_right-hard-seed_b
./legacy-active/docs/runtime-evidence/r2-v3-formal/calibration-360-v48-combined/r2v3-cal-Town04-cut_in_right-medium-seed_a	../calibration-pilot-v26-teacher/r2v3-cal-Town04-cut_in_right-medium-seed_a
./legacy-active/docs/runtime-evidence/r2-v3-formal/calibration-360-v48-combined/r2v3-cal-Town04-cut_in_right-medium-seed_b	../calibration-pilot-v26-teacher/r2v3-cal-Town04-cut_in_right-medium-seed_b
./legacy-active/docs/runtime-evidence/r2-v3-formal/calibration-360-v48-combined/r2v3-cal-Town04-cut_in_right-mild-seed_a	../calibration-pilot-v26-teacher/r2v3-cal-Town04-cut_in_right-mild-seed_a
./legacy-active/docs/runtime-evidence/r2-v3-formal/calibration-360-v48-combined/r2v3-cal-Town04-cut_in_right-mild-seed_b	../calibration-pilot-v26-teacher/r2v3-cal-Town04-cut_in_right-mild-seed_b
./legacy-active/docs/runtime-evidence/r2-v3-formal/calibration-360-v48-combined/r2v3-cal-Town04-follow_stop-hard-seed_a	../calibration-pilot-v26-teacher/r2v3-cal-Town04-follow_stop-hard-seed_a
./legacy-active/docs/runtime-evidence/r2-v3-formal/calibration-360-v48-combined/r2v3-cal-Town04-follow_stop-hard-seed_b	../calibration-pilot-v26-teacher/r2v3-cal-Town04-follow_stop-hard-seed_b
./legacy-active/docs/runtime-evidence/r2-v3-formal/calibration-360-v48-combined/r2v3-cal-Town04-follow_stop-medium-seed_a	../calibration-pilot-v26-teacher/r2v3-cal-Town04-follow_stop-medium-seed_a
./legacy-active/docs/runtime-evidence/r2-v3-formal/calibration-360-v48-combined/r2v3-cal-Town04-follow_stop-medium-seed_b	../calibration-pilot-v26-teacher/r2v3-cal-Town04-follow_stop-medium-seed_b
./legacy-active/docs/runtime-evidence/r2-v3-formal/calibration-360-v48-combined/r2v3-cal-Town04-follow_stop-mild-seed_a	../calibration-pilot-v26-teacher/r2v3-cal-Town04-follow_stop-mild-seed_a
./legacy-active/docs/runtime-evidence/r2-v3-formal/calibration-360-v48-combined/r2v3-cal-Town04-follow_stop-mild-seed_b	../calibration-pilot-v26-teacher/r2v3-cal-Town04-follow_stop-mild-seed_b
./legacy-active/docs/runtime-evidence/r2-v3-formal/calibration-360-v48-combined/r2v3-cal-Town04-junction_straight-hard-seed_a	../calibration-pilot-v26-teacher/r2v3-cal-Town04-junction_straight-hard-seed_a
./legacy-active/docs/runtime-evidence/r2-v3-formal/calibration-360-v48-combined/r2v3-cal-Town04-junction_straight-hard-seed_b	../calibration-pilot-v26-teacher/r2v3-cal-Town04-junction_straight-hard-seed_b
./legacy-active/docs/runtime-evidence/r2-v3-formal/calibration-360-v48-combined/r2v3-cal-Town04-junction_straight-medium-seed_a	../calibration-pilot-v26-teacher/r2v3-cal-Town04-junction_straight-medium-seed_a
./legacy-active/docs/runtime-evidence/r2-v3-formal/calibration-360-v48-combined/r2v3-cal-Town04-junction_straight-medium-seed_b	../calibration-pilot-v26-teacher/r2v3-cal-Town04-junction_straight-medium-seed_b
./legacy-active/docs/runtime-evidence/r2-v3-formal/calibration-360-v48-combined/r2v3-cal-Town04-junction_straight-mild-seed_a	../calibration-pilot-v26-teacher/r2v3-cal-Town04-junction_straight-mild-seed_a
./legacy-active/docs/runtime-evidence/r2-v3-formal/calibration-360-v48-combined/r2v3-cal-Town04-junction_straight-mild-seed_b	../calibration-pilot-v26-teacher/r2v3-cal-Town04-junction_straight-mild-seed_b
./legacy-active/docs/runtime-evidence/r2-v3-formal/calibration-360-v48-combined/r2v3-cal-Town04-merge_yield-hard-seed_a	../calibration-pilot-v26-teacher/r2v3-cal-Town04-merge_yield-hard-seed_a
./legacy-active/docs/runtime-evidence/r2-v3-formal/calibration-360-v48-combined/r2v3-cal-Town04-merge_yield-hard-seed_b	../calibration-pilot-v26-teacher/r2v3-cal-Town04-merge_yield-hard-seed_b
./legacy-active/docs/runtime-evidence/r2-v3-formal/calibration-360-v48-combined/r2v3-cal-Town04-merge_yield-medium-seed_a	../calibration-pilot-v26-teacher/r2v3-cal-Town04-merge_yield-medium-seed_a
./legacy-active/docs/runtime-evidence/r2-v3-formal/calibration-360-v48-combined/r2v3-cal-Town04-merge_yield-medium-seed_b	../calibration-pilot-v26-teacher/r2v3-cal-Town04-merge_yield-medium-seed_b
./legacy-active/docs/runtime-evidence/r2-v3-formal/calibration-360-v48-combined/r2v3-cal-Town04-merge_yield-mild-seed_a	../calibration-pilot-v26-teacher/r2v3-cal-Town04-merge_yield-mild-seed_a
./legacy-active/docs/runtime-evidence/r2-v3-formal/calibration-360-v48-combined/r2v3-cal-Town04-merge_yield-mild-seed_b	../calibration-pilot-v26-teacher/r2v3-cal-Town04-merge_yield-mild-seed_b
./legacy-active/docs/runtime-evidence/r2-v3-formal/calibration-360-v48-combined/r2v3-cal-Town04-overtake_left-hard-seed_a	../calibration-pilot-v26-teacher/r2v3-cal-Town04-overtake_left-hard-seed_a
./legacy-active/docs/runtime-evidence/r2-v3-formal/calibration-360-v48-combined/r2v3-cal-Town04-overtake_left-hard-seed_b	../calibration-pilot-v26-teacher/r2v3-cal-Town04-overtake_left-hard-seed_b
./legacy-active/docs/runtime-evidence/r2-v3-formal/calibration-360-v48-combined/r2v3-cal-Town04-overtake_left-medium-seed_a	../calibration-pilot-v26-teacher/r2v3-cal-Town04-overtake_left-medium-seed_a
./legacy-active/docs/runtime-evidence/r2-v3-formal/calibration-360-v48-combined/r2v3-cal-Town04-overtake_left-medium-seed_b	../calibration-pilot-v26-teacher/r2v3-cal-Town04-overtake_left-medium-seed_b
./legacy-active/docs/runtime-evidence/r2-v3-formal/calibration-360-v48-combined/r2v3-cal-Town04-overtake_left-mild-seed_a	../calibration-pilot-v26-teacher/r2v3-cal-Town04-overtake_left-mild-seed_a
./legacy-active/docs/runtime-evidence/r2-v3-formal/calibration-360-v48-combined/r2v3-cal-Town04-overtake_left-mild-seed_b	../calibration-pilot-v26-teacher/r2v3-cal-Town04-overtake_left-mild-seed_b
./legacy-active/docs/runtime-evidence/r2-v3-formal/calibration-360-v48-combined/r2v3-cal-Town04-overtake_right-hard-seed_a	../calibration-pilot-v26-teacher/r2v3-cal-Town04-overtake_right-hard-seed_a
./legacy-active/docs/runtime-evidence/r2-v3-formal/calibration-360-v48-combined/r2v3-cal-Town04-overtake_right-hard-seed_b	../calibration-pilot-v26-teacher/r2v3-cal-Town04-overtake_right-hard-seed_b
./legacy-active/docs/runtime-evidence/r2-v3-formal/calibration-360-v48-combined/r2v3-cal-Town04-overtake_right-medium-seed_a	../calibration-pilot-v26-teacher/r2v3-cal-Town04-overtake_right-medium-seed_a
./legacy-active/docs/runtime-evidence/r2-v3-formal/calibration-360-v48-combined/r2v3-cal-Town04-overtake_right-medium-seed_b	../calibration-pilot-v26-teacher/r2v3-cal-Town04-overtake_right-medium-seed_b
./legacy-active/docs/runtime-evidence/r2-v3-formal/calibration-360-v48-combined/r2v3-cal-Town04-overtake_right-mild-seed_a	../calibration-pilot-v26-teacher/r2v3-cal-Town04-overtake_right-mild-seed_a
./legacy-active/docs/runtime-evidence/r2-v3-formal/calibration-360-v48-combined/r2v3-cal-Town04-overtake_right-mild-seed_b	../calibration-pilot-v26-teacher/r2v3-cal-Town04-overtake_right-mild-seed_b
./legacy-active/docs/runtime-evidence/r2-v3-formal/calibration-360-v48-combined/r2v3-cal-Town04-route_change_left_right-hard-seed_a	../calibration-pilot-v26-teacher/r2v3-cal-Town04-route_change_left_right-hard-seed_a
./legacy-active/docs/runtime-evidence/r2-v3-formal/calibration-360-v48-combined/r2v3-cal-Town04-route_change_left_right-hard-seed_b	../calibration-pilot-v26-teacher/r2v3-cal-Town04-route_change_left_right-hard-seed_b
./legacy-active/docs/runtime-evidence/r2-v3-formal/calibration-360-v48-combined/r2v3-cal-Town04-route_change_left_right-medium-seed_a	../calibration-pilot-v26-teacher/r2v3-cal-Town04-route_change_left_right-medium-seed_a
./legacy-active/docs/runtime-evidence/r2-v3-formal/calibration-360-v48-combined/r2v3-cal-Town04-route_change_left_right-medium-seed_b	../calibration-pilot-v26-teacher/r2v3-cal-Town04-route_change_left_right-medium-seed_b
./legacy-active/docs/runtime-evidence/r2-v3-formal/calibration-360-v48-combined/r2v3-cal-Town04-route_change_left_right-mild-seed_a	../calibration-pilot-v26-teacher/r2v3-cal-Town04-route_change_left_right-mild-seed_a
./legacy-active/docs/runtime-evidence/r2-v3-formal/calibration-360-v48-combined/r2v3-cal-Town04-route_change_left_right-mild-seed_b	../calibration-pilot-v26-teacher/r2v3-cal-Town04-route_change_left_right-mild-seed_b
./legacy-active/docs/runtime-evidence/r2-v3-formal/calibration-360-v48-combined/r2v3-cal-Town04-straight_curve-hard-seed_a	../calibration-pilot-v26-teacher/r2v3-cal-Town04-straight_curve-hard-seed_a
./legacy-active/docs/runtime-evidence/r2-v3-formal/calibration-360-v48-combined/r2v3-cal-Town04-straight_curve-hard-seed_b	../calibration-pilot-v26-teacher/r2v3-cal-Town04-straight_curve-hard-seed_b
./legacy-active/docs/runtime-evidence/r2-v3-formal/calibration-360-v48-combined/r2v3-cal-Town04-straight_curve-medium-seed_a	../calibration-pilot-v26-teacher/r2v3-cal-Town04-straight_curve-medium-seed_a
./legacy-active/docs/runtime-evidence/r2-v3-formal/calibration-360-v48-combined/r2v3-cal-Town04-straight_curve-medium-seed_b	../calibration-pilot-v26-teacher/r2v3-cal-Town04-straight_curve-medium-seed_b
./legacy-active/docs/runtime-evidence/r2-v3-formal/calibration-360-v48-combined/r2v3-cal-Town04-straight_curve-mild-seed_a	../calibration-pilot-v26-teacher/r2v3-cal-Town04-straight_curve-mild-seed_a
./legacy-active/docs/runtime-evidence/r2-v3-formal/calibration-360-v48-combined/r2v3-cal-Town04-straight_curve-mild-seed_b	../calibration-pilot-v26-teacher/r2v3-cal-Town04-straight_curve-mild-seed_b
./legacy-active/docs/runtime-evidence/r2-v3-formal/calibration-360-v48-combined/r2v3-cal-Town04-traffic_control-hard-seed_a	../calibration-pilot-v26-teacher/r2v3-cal-Town04-traffic_control-hard-seed_a
./legacy-active/docs/runtime-evidence/r2-v3-formal/calibration-360-v48-combined/r2v3-cal-Town04-traffic_control-hard-seed_b	../calibration-pilot-v26-teacher/r2v3-cal-Town04-traffic_control-hard-seed_b
./legacy-active/docs/runtime-evidence/r2-v3-formal/calibration-360-v48-combined/r2v3-cal-Town04-traffic_control-medium-seed_a	../calibration-pilot-v26-teacher/r2v3-cal-Town04-traffic_control-medium-seed_a
./legacy-active/docs/runtime-evidence/r2-v3-formal/calibration-360-v48-combined/r2v3-cal-Town04-traffic_control-medium-seed_b	../calibration-pilot-v26-teacher/r2v3-cal-Town04-traffic_control-medium-seed_b
./legacy-active/docs/runtime-evidence/r2-v3-formal/calibration-360-v48-combined/r2v3-cal-Town04-traffic_control-mild-seed_a	../calibration-pilot-v26-teacher/r2v3-cal-Town04-traffic_control-mild-seed_a
./legacy-active/docs/runtime-evidence/r2-v3-formal/calibration-360-v48-combined/r2v3-cal-Town04-traffic_control-mild-seed_b	../calibration-pilot-v26-teacher/r2v3-cal-Town04-traffic_control-mild-seed_b
./legacy-active/docs/runtime-evidence/r2-v3-formal/calibration-360-v48-combined/r2v3-cal-Town04-turn_left_right-hard-seed_a	../calibration-pilot-v26-teacher/r2v3-cal-Town04-turn_left_right-hard-seed_a
./legacy-active/docs/runtime-evidence/r2-v3-formal/calibration-360-v48-combined/r2v3-cal-Town04-turn_left_right-hard-seed_b	../calibration-pilot-v26-teacher/r2v3-cal-Town04-turn_left_right-hard-seed_b
./legacy-active/docs/runtime-evidence/r2-v3-formal/calibration-360-v48-combined/r2v3-cal-Town04-turn_left_right-medium-seed_a	../calibration-pilot-v26-teacher/r2v3-cal-Town04-turn_left_right-medium-seed_a
./legacy-active/docs/runtime-evidence/r2-v3-formal/calibration-360-v48-combined/r2v3-cal-Town04-turn_left_right-medium-seed_b	../calibration-pilot-v26-teacher/r2v3-cal-Town04-turn_left_right-medium-seed_b
./legacy-active/docs/runtime-evidence/r2-v3-formal/calibration-360-v48-combined/r2v3-cal-Town04-turn_left_right-mild-seed_a	../calibration-pilot-v26-teacher/r2v3-cal-Town04-turn_left_right-mild-seed_a
./legacy-active/docs/runtime-evidence/r2-v3-formal/calibration-360-v48-combined/r2v3-cal-Town04-turn_left_right-mild-seed_b	../calibration-pilot-v26-teacher/r2v3-cal-Town04-turn_left_right-mild-seed_b
./legacy-active/docs/runtime-evidence/r2-v3-formal/calibration-360-v48-combined/r2v3-cal-Town05-crossing_turn_yield-hard-seed_a	../calibration-360-v46-teacher/r2v3-cal-Town05-crossing_turn_yield-hard-seed_a
./legacy-active/docs/runtime-evidence/r2-v3-formal/calibration-360-v48-combined/r2v3-cal-Town05-crossing_turn_yield-hard-seed_b	../calibration-360-v46-teacher/r2v3-cal-Town05-crossing_turn_yield-hard-seed_b
./legacy-active/docs/runtime-evidence/r2-v3-formal/calibration-360-v48-combined/r2v3-cal-Town05-crossing_turn_yield-medium-seed_a	../calibration-360-v46-teacher/r2v3-cal-Town05-crossing_turn_yield-medium-seed_a
./legacy-active/docs/runtime-evidence/r2-v3-formal/calibration-360-v48-combined/r2v3-cal-Town05-crossing_turn_yield-medium-seed_b	../calibration-360-v46-teacher/r2v3-cal-Town05-crossing_turn_yield-medium-seed_b
./legacy-active/docs/runtime-evidence/r2-v3-formal/calibration-360-v48-combined/r2v3-cal-Town05-crossing_turn_yield-mild-seed_a	../calibration-360-v46-teacher/r2v3-cal-Town05-crossing_turn_yield-mild-seed_a
./legacy-active/docs/runtime-evidence/r2-v3-formal/calibration-360-v48-combined/r2v3-cal-Town05-crossing_turn_yield-mild-seed_b	../calibration-360-v46-teacher/r2v3-cal-Town05-crossing_turn_yield-mild-seed_b
./legacy-active/docs/runtime-evidence/r2-v3-formal/calibration-360-v48-combined/r2v3-cal-Town05-cut_in_left-hard-seed_a	../calibration-360-v46-teacher/r2v3-cal-Town05-cut_in_left-hard-seed_a
./legacy-active/docs/runtime-evidence/r2-v3-formal/calibration-360-v48-combined/r2v3-cal-Town05-cut_in_left-hard-seed_b	../calibration-360-v46-teacher/r2v3-cal-Town05-cut_in_left-hard-seed_b
./legacy-active/docs/runtime-evidence/r2-v3-formal/calibration-360-v48-combined/r2v3-cal-Town05-cut_in_left-medium-seed_a	../calibration-360-v46-teacher/r2v3-cal-Town05-cut_in_left-medium-seed_a
./legacy-active/docs/runtime-evidence/r2-v3-formal/calibration-360-v48-combined/r2v3-cal-Town05-cut_in_left-medium-seed_b	../calibration-360-v46-teacher/r2v3-cal-Town05-cut_in_left-medium-seed_b
./legacy-active/docs/runtime-evidence/r2-v3-formal/calibration-360-v48-combined/r2v3-cal-Town05-cut_in_left-mild-seed_a	../calibration-360-v46-teacher/r2v3-cal-Town05-cut_in_left-mild-seed_a
./legacy-active/docs/runtime-evidence/r2-v3-formal/calibration-360-v48-combined/r2v3-cal-Town05-cut_in_left-mild-seed_b	../calibration-360-v46-teacher/r2v3-cal-Town05-cut_in_left-mild-seed_b
./legacy-active/docs/runtime-evidence/r2-v3-formal/calibration-360-v48-combined/r2v3-cal-Town05-cut_in_right-hard-seed_a	../calibration-360-v46-teacher/r2v3-cal-Town05-cut_in_right-hard-seed_a
./legacy-active/docs/runtime-evidence/r2-v3-formal/calibration-360-v48-combined/r2v3-cal-Town05-cut_in_right-hard-seed_b	../calibration-360-v46-teacher/r2v3-cal-Town05-cut_in_right-hard-seed_b
./legacy-active/docs/runtime-evidence/r2-v3-formal/calibration-360-v48-combined/r2v3-cal-Town05-cut_in_right-medium-seed_a	../calibration-360-v46-teacher/r2v3-cal-Town05-cut_in_right-medium-seed_a
./legacy-active/docs/runtime-evidence/r2-v3-formal/calibration-360-v48-combined/r2v3-cal-Town05-cut_in_right-medium-seed_b	../calibration-360-v46-teacher/r2v3-cal-Town05-cut_in_right-medium-seed_b
./legacy-active/docs/runtime-evidence/r2-v3-formal/calibration-360-v48-combined/r2v3-cal-Town05-cut_in_right-mild-seed_a	../calibration-360-v46-teacher/r2v3-cal-Town05-cut_in_right-mild-seed_a
./legacy-active/docs/runtime-evidence/r2-v3-formal/calibration-360-v48-combined/r2v3-cal-Town05-cut_in_right-mild-seed_b	../calibration-360-v46-teacher/r2v3-cal-Town05-cut_in_right-mild-seed_b
./legacy-active/docs/runtime-evidence/r2-v3-formal/calibration-360-v48-combined/r2v3-cal-Town05-follow_stop-hard-seed_a	../calibration-360-v46-teacher/r2v3-cal-Town05-follow_stop-hard-seed_a
./legacy-active/docs/runtime-evidence/r2-v3-formal/calibration-360-v48-combined/r2v3-cal-Town05-follow_stop-hard-seed_b	../calibration-360-v46-teacher/r2v3-cal-Town05-follow_stop-hard-seed_b
./legacy-active/docs/runtime-evidence/r2-v3-formal/calibration-360-v48-combined/r2v3-cal-Town05-follow_stop-medium-seed_a	../calibration-360-v46-teacher/r2v3-cal-Town05-follow_stop-medium-seed_a
./legacy-active/docs/runtime-evidence/r2-v3-formal/calibration-360-v48-combined/r2v3-cal-Town05-follow_stop-medium-seed_b	../calibration-360-v46-teacher/r2v3-cal-Town05-follow_stop-medium-seed_b
./legacy-active/docs/runtime-evidence/r2-v3-formal/calibration-360-v48-combined/r2v3-cal-Town05-follow_stop-mild-seed_a	../calibration-360-v46-teacher/r2v3-cal-Town05-follow_stop-mild-seed_a
./legacy-active/docs/runtime-evidence/r2-v3-formal/calibration-360-v48-combined/r2v3-cal-Town05-follow_stop-mild-seed_b	../calibration-360-v46-teacher/r2v3-cal-Town05-follow_stop-mild-seed_b
./legacy-active/docs/runtime-evidence/r2-v3-formal/calibration-360-v48-combined/r2v3-cal-Town05-junction_straight-hard-seed_a	../calibration-360-v46-teacher/r2v3-cal-Town05-junction_straight-hard-seed_a
./legacy-active/docs/runtime-evidence/r2-v3-formal/calibration-360-v48-combined/r2v3-cal-Town05-junction_straight-hard-seed_b	../calibration-360-v46-teacher/r2v3-cal-Town05-junction_straight-hard-seed_b
./legacy-active/docs/runtime-evidence/r2-v3-formal/calibration-360-v48-combined/r2v3-cal-Town05-junction_straight-medium-seed_a	../calibration-360-v46-teacher/r2v3-cal-Town05-junction_straight-medium-seed_a
./legacy-active/docs/runtime-evidence/r2-v3-formal/calibration-360-v48-combined/r2v3-cal-Town05-junction_straight-medium-seed_b	../calibration-360-v46-teacher/r2v3-cal-Town05-junction_straight-medium-seed_b
./legacy-active/docs/runtime-evidence/r2-v3-formal/calibration-360-v48-combined/r2v3-cal-Town05-junction_straight-mild-seed_a	../calibration-360-v46-teacher/r2v3-cal-Town05-junction_straight-mild-seed_a
./legacy-active/docs/runtime-evidence/r2-v3-formal/calibration-360-v48-combined/r2v3-cal-Town05-junction_straight-mild-seed_b	../calibration-360-v46-teacher/r2v3-cal-Town05-junction_straight-mild-seed_b
./legacy-active/docs/runtime-evidence/r2-v3-formal/calibration-360-v48-combined/r2v3-cal-Town05-merge_yield-hard-seed_a	../calibration-360-v46-teacher/r2v3-cal-Town05-merge_yield-hard-seed_a
./legacy-active/docs/runtime-evidence/r2-v3-formal/calibration-360-v48-combined/r2v3-cal-Town05-merge_yield-hard-seed_b	../calibration-360-v46-teacher/r2v3-cal-Town05-merge_yield-hard-seed_b
./legacy-active/docs/runtime-evidence/r2-v3-formal/calibration-360-v48-combined/r2v3-cal-Town05-merge_yield-medium-seed_a	../calibration-360-v46-teacher/r2v3-cal-Town05-merge_yield-medium-seed_a
./legacy-active/docs/runtime-evidence/r2-v3-formal/calibration-360-v48-combined/r2v3-cal-Town05-merge_yield-medium-seed_b	../calibration-360-v46-teacher/r2v3-cal-Town05-merge_yield-medium-seed_b
./legacy-active/docs/runtime-evidence/r2-v3-formal/calibration-360-v48-combined/r2v3-cal-Town05-merge_yield-mild-seed_a	../calibration-360-v46-teacher/r2v3-cal-Town05-merge_yield-mild-seed_a
./legacy-active/docs/runtime-evidence/r2-v3-formal/calibration-360-v48-combined/r2v3-cal-Town05-merge_yield-mild-seed_b	../calibration-360-v46-teacher/r2v3-cal-Town05-merge_yield-mild-seed_b
./legacy-active/docs/runtime-evidence/r2-v3-formal/calibration-360-v48-combined/r2v3-cal-Town05-overtake_left-hard-seed_a	../calibration-360-v46-teacher/r2v3-cal-Town05-overtake_left-hard-seed_a
./legacy-active/docs/runtime-evidence/r2-v3-formal/calibration-360-v48-combined/r2v3-cal-Town05-overtake_left-hard-seed_b	../calibration-360-v46-teacher/r2v3-cal-Town05-overtake_left-hard-seed_b
./legacy-active/docs/runtime-evidence/r2-v3-formal/calibration-360-v48-combined/r2v3-cal-Town05-overtake_left-medium-seed_a	../calibration-360-v46-teacher/r2v3-cal-Town05-overtake_left-medium-seed_a
./legacy-active/docs/runtime-evidence/r2-v3-formal/calibration-360-v48-combined/r2v3-cal-Town05-overtake_left-medium-seed_b	../calibration-360-v46-teacher/r2v3-cal-Town05-overtake_left-medium-seed_b
./legacy-active/docs/runtime-evidence/r2-v3-formal/calibration-360-v48-combined/r2v3-cal-Town05-overtake_left-mild-seed_a	../calibration-360-v46-teacher/r2v3-cal-Town05-overtake_left-mild-seed_a
./legacy-active/docs/runtime-evidence/r2-v3-formal/calibration-360-v48-combined/r2v3-cal-Town05-overtake_left-mild-seed_b	../calibration-360-v46-teacher/r2v3-cal-Town05-overtake_left-mild-seed_b
./legacy-active/docs/runtime-evidence/r2-v3-formal/calibration-360-v48-combined/r2v3-cal-Town05-overtake_right-hard-seed_a	../calibration-360-v46-teacher/r2v3-cal-Town05-overtake_right-hard-seed_a
./legacy-active/docs/runtime-evidence/r2-v3-formal/calibration-360-v48-combined/r2v3-cal-Town05-overtake_right-hard-seed_b	../calibration-360-v46-teacher/r2v3-cal-Town05-overtake_right-hard-seed_b
./legacy-active/docs/runtime-evidence/r2-v3-formal/calibration-360-v48-combined/r2v3-cal-Town05-overtake_right-medium-seed_a	../calibration-360-v46-teacher/r2v3-cal-Town05-overtake_right-medium-seed_a
./legacy-active/docs/runtime-evidence/r2-v3-formal/calibration-360-v48-combined/r2v3-cal-Town05-overtake_right-medium-seed_b	../calibration-360-v46-teacher/r2v3-cal-Town05-overtake_right-medium-seed_b
./legacy-active/docs/runtime-evidence/r2-v3-formal/calibration-360-v48-combined/r2v3-cal-Town05-overtake_right-mild-seed_a	../calibration-360-v46-teacher/r2v3-cal-Town05-overtake_right-mild-seed_a
./legacy-active/docs/runtime-evidence/r2-v3-formal/calibration-360-v48-combined/r2v3-cal-Town05-overtake_right-mild-seed_b	../calibration-360-v46-teacher/r2v3-cal-Town05-overtake_right-mild-seed_b
./legacy-active/docs/runtime-evidence/r2-v3-formal/calibration-360-v48-combined/r2v3-cal-Town05-route_change_left_right-hard-seed_a	../calibration-360-v46-teacher/r2v3-cal-Town05-route_change_left_right-hard-seed_a
./legacy-active/docs/runtime-evidence/r2-v3-formal/calibration-360-v48-combined/r2v3-cal-Town05-route_change_left_right-hard-seed_b	../calibration-360-v46-teacher/r2v3-cal-Town05-route_change_left_right-hard-seed_b
./legacy-active/docs/runtime-evidence/r2-v3-formal/calibration-360-v48-combined/r2v3-cal-Town05-route_change_left_right-medium-seed_a	../calibration-360-v46-teacher/r2v3-cal-Town05-route_change_left_right-medium-seed_a
./legacy-active/docs/runtime-evidence/r2-v3-formal/calibration-360-v48-combined/r2v3-cal-Town05-route_change_left_right-medium-seed_b	../calibration-360-v46-teacher/r2v3-cal-Town05-route_change_left_right-medium-seed_b
./legacy-active/docs/runtime-evidence/r2-v3-formal/calibration-360-v48-combined/r2v3-cal-Town05-route_change_left_right-mild-seed_a	../calibration-360-v46-teacher/r2v3-cal-Town05-route_change_left_right-mild-seed_a
./legacy-active/docs/runtime-evidence/r2-v3-formal/calibration-360-v48-combined/r2v3-cal-Town05-route_change_left_right-mild-seed_b	../calibration-360-v46-teacher/r2v3-cal-Town05-route_change_left_right-mild-seed_b
./legacy-active/docs/runtime-evidence/r2-v3-formal/calibration-360-v48-combined/r2v3-cal-Town05-straight_curve-hard-seed_a	../calibration-360-v46-teacher/r2v3-cal-Town05-straight_curve-hard-seed_a
./legacy-active/docs/runtime-evidence/r2-v3-formal/calibration-360-v48-combined/r2v3-cal-Town05-straight_curve-hard-seed_b	../calibration-360-v46-teacher/r2v3-cal-Town05-straight_curve-hard-seed_b
./legacy-active/docs/runtime-evidence/r2-v3-formal/calibration-360-v48-combined/r2v3-cal-Town05-straight_curve-medium-seed_a	../calibration-360-v46-teacher/r2v3-cal-Town05-straight_curve-medium-seed_a
./legacy-active/docs/runtime-evidence/r2-v3-formal/calibration-360-v48-combined/r2v3-cal-Town05-straight_curve-medium-seed_b	../calibration-360-v46-teacher/r2v3-cal-Town05-straight_curve-medium-seed_b
./legacy-active/docs/runtime-evidence/r2-v3-formal/calibration-360-v48-combined/r2v3-cal-Town05-straight_curve-mild-seed_a	../calibration-360-v46-teacher/r2v3-cal-Town05-straight_curve-mild-seed_a
./legacy-active/docs/runtime-evidence/r2-v3-formal/calibration-360-v48-combined/r2v3-cal-Town05-straight_curve-mild-seed_b	../calibration-360-v46-teacher/r2v3-cal-Town05-straight_curve-mild-seed_b
./legacy-active/docs/runtime-evidence/r2-v3-formal/calibration-360-v48-combined/r2v3-cal-Town05-traffic_control-hard-seed_a	../calibration-360-v48-teacher/Town05/r2v3-cal-Town05-traffic_control-hard-seed_a
./legacy-active/docs/runtime-evidence/r2-v3-formal/calibration-360-v48-combined/r2v3-cal-Town05-traffic_control-hard-seed_b	../calibration-360-v48-teacher/Town05/r2v3-cal-Town05-traffic_control-hard-seed_b
./legacy-active/docs/runtime-evidence/r2-v3-formal/calibration-360-v48-combined/r2v3-cal-Town05-traffic_control-medium-seed_a	../calibration-360-v48-teacher/Town05/r2v3-cal-Town05-traffic_control-medium-seed_a
./legacy-active/docs/runtime-evidence/r2-v3-formal/calibration-360-v48-combined/r2v3-cal-Town05-traffic_control-medium-seed_b	../calibration-360-v48-teacher/Town05/r2v3-cal-Town05-traffic_control-medium-seed_b
./legacy-active/docs/runtime-evidence/r2-v3-formal/calibration-360-v48-combined/r2v3-cal-Town05-traffic_control-mild-seed_a	../calibration-360-v48-teacher/Town05/r2v3-cal-Town05-traffic_control-mild-seed_a
./legacy-active/docs/runtime-evidence/r2-v3-formal/calibration-360-v48-combined/r2v3-cal-Town05-traffic_control-mild-seed_b	../calibration-360-v48-teacher/Town05/r2v3-cal-Town05-traffic_control-mild-seed_b
./legacy-active/docs/runtime-evidence/r2-v3-formal/calibration-360-v48-combined/r2v3-cal-Town05-turn_left_right-hard-seed_a	../calibration-360-v46-teacher/r2v3-cal-Town05-turn_left_right-hard-seed_a
./legacy-active/docs/runtime-evidence/r2-v3-formal/calibration-360-v48-combined/r2v3-cal-Town05-turn_left_right-hard-seed_b	../calibration-360-v46-teacher/r2v3-cal-Town05-turn_left_right-hard-seed_b
./legacy-active/docs/runtime-evidence/r2-v3-formal/calibration-360-v48-combined/r2v3-cal-Town05-turn_left_right-medium-seed_a	../calibration-360-v46-teacher/r2v3-cal-Town05-turn_left_right-medium-seed_a
./legacy-active/docs/runtime-evidence/r2-v3-formal/calibration-360-v48-combined/r2v3-cal-Town05-turn_left_right-medium-seed_b	../calibration-360-v46-teacher/r2v3-cal-Town05-turn_left_right-medium-seed_b
./legacy-active/docs/runtime-evidence/r2-v3-formal/calibration-360-v48-combined/r2v3-cal-Town05-turn_left_right-mild-seed_a	../calibration-360-v46-teacher/r2v3-cal-Town05-turn_left_right-mild-seed_a
./legacy-active/docs/runtime-evidence/r2-v3-formal/calibration-360-v48-combined/r2v3-cal-Town05-turn_left_right-mild-seed_b	../calibration-360-v46-teacher/r2v3-cal-Town05-turn_left_right-mild-seed_b
./legacy-active/docs/runtime-evidence/r2-v3-formal/calibration-360-v48-combined/r2v3-cal-Town10HD-crossing_turn_yield-hard-seed_a	../calibration-360-v46-teacher/r2v3-cal-Town10HD-crossing_turn_yield-hard-seed_a
./legacy-active/docs/runtime-evidence/r2-v3-formal/calibration-360-v48-combined/r2v3-cal-Town10HD-crossing_turn_yield-hard-seed_b	../calibration-360-v46-teacher/r2v3-cal-Town10HD-crossing_turn_yield-hard-seed_b
./legacy-active/docs/runtime-evidence/r2-v3-formal/calibration-360-v48-combined/r2v3-cal-Town10HD-crossing_turn_yield-medium-seed_a	../calibration-360-v46-teacher/r2v3-cal-Town10HD-crossing_turn_yield-medium-seed_a
./legacy-active/docs/runtime-evidence/r2-v3-formal/calibration-360-v48-combined/r2v3-cal-Town10HD-crossing_turn_yield-medium-seed_b	../calibration-360-v46-teacher/r2v3-cal-Town10HD-crossing_turn_yield-medium-seed_b
./legacy-active/docs/runtime-evidence/r2-v3-formal/calibration-360-v48-combined/r2v3-cal-Town10HD-crossing_turn_yield-mild-seed_a	../calibration-360-v46-teacher/r2v3-cal-Town10HD-crossing_turn_yield-mild-seed_a
./legacy-active/docs/runtime-evidence/r2-v3-formal/calibration-360-v48-combined/r2v3-cal-Town10HD-crossing_turn_yield-mild-seed_b	../calibration-360-v46-teacher/r2v3-cal-Town10HD-crossing_turn_yield-mild-seed_b
./legacy-active/docs/runtime-evidence/r2-v3-formal/calibration-360-v48-combined/r2v3-cal-Town10HD-cut_in_left-hard-seed_a	../calibration-360-v46-teacher/r2v3-cal-Town10HD-cut_in_left-hard-seed_a
./legacy-active/docs/runtime-evidence/r2-v3-formal/calibration-360-v48-combined/r2v3-cal-Town10HD-cut_in_left-hard-seed_b	../calibration-360-v46-teacher/r2v3-cal-Town10HD-cut_in_left-hard-seed_b
./legacy-active/docs/runtime-evidence/r2-v3-formal/calibration-360-v48-combined/r2v3-cal-Town10HD-cut_in_left-medium-seed_a	../calibration-360-v46-teacher/r2v3-cal-Town10HD-cut_in_left-medium-seed_a
./legacy-active/docs/runtime-evidence/r2-v3-formal/calibration-360-v48-combined/r2v3-cal-Town10HD-cut_in_left-medium-seed_b	../calibration-360-v46-teacher/r2v3-cal-Town10HD-cut_in_left-medium-seed_b
./legacy-active/docs/runtime-evidence/r2-v3-formal/calibration-360-v48-combined/r2v3-cal-Town10HD-cut_in_left-mild-seed_a	../calibration-360-v46-teacher/r2v3-cal-Town10HD-cut_in_left-mild-seed_a
./legacy-active/docs/runtime-evidence/r2-v3-formal/calibration-360-v48-combined/r2v3-cal-Town10HD-cut_in_left-mild-seed_b	../calibration-360-v46-teacher/r2v3-cal-Town10HD-cut_in_left-mild-seed_b
./legacy-active/docs/runtime-evidence/r2-v3-formal/calibration-360-v48-combined/r2v3-cal-Town10HD-cut_in_right-hard-seed_a	../calibration-360-v46-teacher/r2v3-cal-Town10HD-cut_in_right-hard-seed_a
./legacy-active/docs/runtime-evidence/r2-v3-formal/calibration-360-v48-combined/r2v3-cal-Town10HD-cut_in_right-hard-seed_b	../calibration-360-v46-teacher/r2v3-cal-Town10HD-cut_in_right-hard-seed_b
./legacy-active/docs/runtime-evidence/r2-v3-formal/calibration-360-v48-combined/r2v3-cal-Town10HD-cut_in_right-medium-seed_a	../calibration-360-v46-teacher/r2v3-cal-Town10HD-cut_in_right-medium-seed_a
./legacy-active/docs/runtime-evidence/r2-v3-formal/calibration-360-v48-combined/r2v3-cal-Town10HD-cut_in_right-medium-seed_b	../calibration-360-v46-teacher/r2v3-cal-Town10HD-cut_in_right-medium-seed_b
./legacy-active/docs/runtime-evidence/r2-v3-formal/calibration-360-v48-combined/r2v3-cal-Town10HD-cut_in_right-mild-seed_a	../calibration-360-v46-teacher/r2v3-cal-Town10HD-cut_in_right-mild-seed_a
./legacy-active/docs/runtime-evidence/r2-v3-formal/calibration-360-v48-combined/r2v3-cal-Town10HD-cut_in_right-mild-seed_b	../calibration-360-v46-teacher/r2v3-cal-Town10HD-cut_in_right-mild-seed_b
./legacy-active/docs/runtime-evidence/r2-v3-formal/calibration-360-v48-combined/r2v3-cal-Town10HD-follow_stop-hard-seed_a	../calibration-360-v46-teacher/r2v3-cal-Town10HD-follow_stop-hard-seed_a
./legacy-active/docs/runtime-evidence/r2-v3-formal/calibration-360-v48-combined/r2v3-cal-Town10HD-follow_stop-hard-seed_b	../calibration-360-v46-teacher/r2v3-cal-Town10HD-follow_stop-hard-seed_b
./legacy-active/docs/runtime-evidence/r2-v3-formal/calibration-360-v48-combined/r2v3-cal-Town10HD-follow_stop-medium-seed_a	../calibration-360-v46-teacher/r2v3-cal-Town10HD-follow_stop-medium-seed_a
./legacy-active/docs/runtime-evidence/r2-v3-formal/calibration-360-v48-combined/r2v3-cal-Town10HD-follow_stop-medium-seed_b	../calibration-360-v46-teacher/r2v3-cal-Town10HD-follow_stop-medium-seed_b
./legacy-active/docs/runtime-evidence/r2-v3-formal/calibration-360-v48-combined/r2v3-cal-Town10HD-follow_stop-mild-seed_a	../calibration-360-v46-teacher/r2v3-cal-Town10HD-follow_stop-mild-seed_a
./legacy-active/docs/runtime-evidence/r2-v3-formal/calibration-360-v48-combined/r2v3-cal-Town10HD-follow_stop-mild-seed_b	../calibration-360-v46-teacher/r2v3-cal-Town10HD-follow_stop-mild-seed_b
./legacy-active/docs/runtime-evidence/r2-v3-formal/calibration-360-v48-combined/r2v3-cal-Town10HD-junction_straight-hard-seed_a	../calibration-360-v46-teacher/r2v3-cal-Town10HD-junction_straight-hard-seed_a
./legacy-active/docs/runtime-evidence/r2-v3-formal/calibration-360-v48-combined/r2v3-cal-Town10HD-junction_straight-hard-seed_b	../calibration-360-v46-teacher/r2v3-cal-Town10HD-junction_straight-hard-seed_b
./legacy-active/docs/runtime-evidence/r2-v3-formal/calibration-360-v48-combined/r2v3-cal-Town10HD-junction_straight-medium-seed_a	../calibration-360-v46-teacher/r2v3-cal-Town10HD-junction_straight-medium-seed_a
./legacy-active/docs/runtime-evidence/r2-v3-formal/calibration-360-v48-combined/r2v3-cal-Town10HD-junction_straight-medium-seed_b	../calibration-360-v46-teacher/r2v3-cal-Town10HD-junction_straight-medium-seed_b
./legacy-active/docs/runtime-evidence/r2-v3-formal/calibration-360-v48-combined/r2v3-cal-Town10HD-junction_straight-mild-seed_a	../calibration-360-v46-teacher/r2v3-cal-Town10HD-junction_straight-mild-seed_a
./legacy-active/docs/runtime-evidence/r2-v3-formal/calibration-360-v48-combined/r2v3-cal-Town10HD-junction_straight-mild-seed_b	../calibration-360-v46-teacher/r2v3-cal-Town10HD-junction_straight-mild-seed_b
./legacy-active/docs/runtime-evidence/r2-v3-formal/calibration-360-v48-combined/r2v3-cal-Town10HD-merge_yield-hard-seed_a	../calibration-360-v46-teacher/r2v3-cal-Town10HD-merge_yield-hard-seed_a
./legacy-active/docs/runtime-evidence/r2-v3-formal/calibration-360-v48-combined/r2v3-cal-Town10HD-merge_yield-hard-seed_b	../calibration-360-v46-teacher/r2v3-cal-Town10HD-merge_yield-hard-seed_b
./legacy-active/docs/runtime-evidence/r2-v3-formal/calibration-360-v48-combined/r2v3-cal-Town10HD-merge_yield-medium-seed_a	../calibration-360-v46-teacher/r2v3-cal-Town10HD-merge_yield-medium-seed_a
./legacy-active/docs/runtime-evidence/r2-v3-formal/calibration-360-v48-combined/r2v3-cal-Town10HD-merge_yield-medium-seed_b	../calibration-360-v46-teacher/r2v3-cal-Town10HD-merge_yield-medium-seed_b
./legacy-active/docs/runtime-evidence/r2-v3-formal/calibration-360-v48-combined/r2v3-cal-Town10HD-merge_yield-mild-seed_a	../calibration-360-v46-teacher/r2v3-cal-Town10HD-merge_yield-mild-seed_a
./legacy-active/docs/runtime-evidence/r2-v3-formal/calibration-360-v48-combined/r2v3-cal-Town10HD-merge_yield-mild-seed_b	../calibration-360-v46-teacher/r2v3-cal-Town10HD-merge_yield-mild-seed_b
./legacy-active/docs/runtime-evidence/r2-v3-formal/calibration-360-v48-combined/r2v3-cal-Town10HD-overtake_left-hard-seed_a	../calibration-360-v46-teacher/r2v3-cal-Town10HD-overtake_left-hard-seed_a
./legacy-active/docs/runtime-evidence/r2-v3-formal/calibration-360-v48-combined/r2v3-cal-Town10HD-overtake_left-hard-seed_b	../calibration-360-v46-teacher/r2v3-cal-Town10HD-overtake_left-hard-seed_b
./legacy-active/docs/runtime-evidence/r2-v3-formal/calibration-360-v48-combined/r2v3-cal-Town10HD-overtake_left-medium-seed_a	../calibration-360-v46-teacher/r2v3-cal-Town10HD-overtake_left-medium-seed_a
./legacy-active/docs/runtime-evidence/r2-v3-formal/calibration-360-v48-combined/r2v3-cal-Town10HD-overtake_left-medium-seed_b	../calibration-360-v46-teacher/r2v3-cal-Town10HD-overtake_left-medium-seed_b
./legacy-active/docs/runtime-evidence/r2-v3-formal/calibration-360-v48-combined/r2v3-cal-Town10HD-overtake_left-mild-seed_a	../calibration-360-v46-teacher/r2v3-cal-Town10HD-overtake_left-mild-seed_a
./legacy-active/docs/runtime-evidence/r2-v3-formal/calibration-360-v48-combined/r2v3-cal-Town10HD-overtake_left-mild-seed_b	../calibration-360-v46-teacher/r2v3-cal-Town10HD-overtake_left-mild-seed_b
./legacy-active/docs/runtime-evidence/r2-v3-formal/calibration-360-v48-combined/r2v3-cal-Town10HD-overtake_right-hard-seed_a	../calibration-360-v46-teacher/r2v3-cal-Town10HD-overtake_right-hard-seed_a
./legacy-active/docs/runtime-evidence/r2-v3-formal/calibration-360-v48-combined/r2v3-cal-Town10HD-overtake_right-hard-seed_b	../calibration-360-v46-teacher/r2v3-cal-Town10HD-overtake_right-hard-seed_b
./legacy-active/docs/runtime-evidence/r2-v3-formal/calibration-360-v48-combined/r2v3-cal-Town10HD-overtake_right-medium-seed_a	../calibration-360-v46-teacher/r2v3-cal-Town10HD-overtake_right-medium-seed_a
./legacy-active/docs/runtime-evidence/r2-v3-formal/calibration-360-v48-combined/r2v3-cal-Town10HD-overtake_right-medium-seed_b	../calibration-360-v46-teacher/r2v3-cal-Town10HD-overtake_right-medium-seed_b
./legacy-active/docs/runtime-evidence/r2-v3-formal/calibration-360-v48-combined/r2v3-cal-Town10HD-overtake_right-mild-seed_a	../calibration-360-v46-teacher/r2v3-cal-Town10HD-overtake_right-mild-seed_a
./legacy-active/docs/runtime-evidence/r2-v3-formal/calibration-360-v48-combined/r2v3-cal-Town10HD-overtake_right-mild-seed_b	../calibration-360-v46-teacher/r2v3-cal-Town10HD-overtake_right-mild-seed_b
./legacy-active/docs/runtime-evidence/r2-v3-formal/calibration-360-v48-combined/r2v3-cal-Town10HD-route_change_left_right-hard-seed_a	../calibration-360-v46-teacher/r2v3-cal-Town10HD-route_change_left_right-hard-seed_a
./legacy-active/docs/runtime-evidence/r2-v3-formal/calibration-360-v48-combined/r2v3-cal-Town10HD-route_change_left_right-hard-seed_b	../calibration-360-v46-teacher/r2v3-cal-Town10HD-route_change_left_right-hard-seed_b
./legacy-active/docs/runtime-evidence/r2-v3-formal/calibration-360-v48-combined/r2v3-cal-Town10HD-route_change_left_right-medium-seed_a	../calibration-360-v46-teacher/r2v3-cal-Town10HD-route_change_left_right-medium-seed_a
./legacy-active/docs/runtime-evidence/r2-v3-formal/calibration-360-v48-combined/r2v3-cal-Town10HD-route_change_left_right-medium-seed_b	../calibration-360-v46-teacher/r2v3-cal-Town10HD-route_change_left_right-medium-seed_b
./legacy-active/docs/runtime-evidence/r2-v3-formal/calibration-360-v48-combined/r2v3-cal-Town10HD-route_change_left_right-mild-seed_a	../calibration-360-v46-teacher/r2v3-cal-Town10HD-route_change_left_right-mild-seed_a
./legacy-active/docs/runtime-evidence/r2-v3-formal/calibration-360-v48-combined/r2v3-cal-Town10HD-route_change_left_right-mild-seed_b	../calibration-360-v46-teacher/r2v3-cal-Town10HD-route_change_left_right-mild-seed_b
./legacy-active/docs/runtime-evidence/r2-v3-formal/calibration-360-v48-combined/r2v3-cal-Town10HD-straight_curve-hard-seed_a	../calibration-360-v46-teacher/r2v3-cal-Town10HD-straight_curve-hard-seed_a
./legacy-active/docs/runtime-evidence/r2-v3-formal/calibration-360-v48-combined/r2v3-cal-Town10HD-straight_curve-hard-seed_b	../calibration-360-v46-teacher/r2v3-cal-Town10HD-straight_curve-hard-seed_b
./legacy-active/docs/runtime-evidence/r2-v3-formal/calibration-360-v48-combined/r2v3-cal-Town10HD-straight_curve-medium-seed_a	../calibration-360-v46-teacher/r2v3-cal-Town10HD-straight_curve-medium-seed_a
./legacy-active/docs/runtime-evidence/r2-v3-formal/calibration-360-v48-combined/r2v3-cal-Town10HD-straight_curve-medium-seed_b	../calibration-360-v46-teacher/r2v3-cal-Town10HD-straight_curve-medium-seed_b
./legacy-active/docs/runtime-evidence/r2-v3-formal/calibration-360-v48-combined/r2v3-cal-Town10HD-straight_curve-mild-seed_a	../calibration-360-v46-teacher/r2v3-cal-Town10HD-straight_curve-mild-seed_a
./legacy-active/docs/runtime-evidence/r2-v3-formal/calibration-360-v48-combined/r2v3-cal-Town10HD-straight_curve-mild-seed_b	../calibration-360-v46-teacher/r2v3-cal-Town10HD-straight_curve-mild-seed_b
./legacy-active/docs/runtime-evidence/r2-v3-formal/calibration-360-v48-combined/r2v3-cal-Town10HD-traffic_control-hard-seed_a	../calibration-360-v46-teacher/r2v3-cal-Town10HD-traffic_control-hard-seed_a
./legacy-active/docs/runtime-evidence/r2-v3-formal/calibration-360-v48-combined/r2v3-cal-Town10HD-traffic_control-hard-seed_b	../calibration-360-v46-teacher/r2v3-cal-Town10HD-traffic_control-hard-seed_b
./legacy-active/docs/runtime-evidence/r2-v3-formal/calibration-360-v48-combined/r2v3-cal-Town10HD-traffic_control-medium-seed_a	../calibration-360-v46-teacher/r2v3-cal-Town10HD-traffic_control-medium-seed_a
./legacy-active/docs/runtime-evidence/r2-v3-formal/calibration-360-v48-combined/r2v3-cal-Town10HD-traffic_control-medium-seed_b	../calibration-360-v46-teacher/r2v3-cal-Town10HD-traffic_control-medium-seed_b
./legacy-active/docs/runtime-evidence/r2-v3-formal/calibration-360-v48-combined/r2v3-cal-Town10HD-traffic_control-mild-seed_a	../calibration-360-v46-teacher/r2v3-cal-Town10HD-traffic_control-mild-seed_a
./legacy-active/docs/runtime-evidence/r2-v3-formal/calibration-360-v48-combined/r2v3-cal-Town10HD-traffic_control-mild-seed_b	../calibration-360-v46-teacher/r2v3-cal-Town10HD-traffic_control-mild-seed_b
./legacy-active/docs/runtime-evidence/r2-v3-formal/calibration-360-v48-combined/r2v3-cal-Town10HD-turn_left_right-hard-seed_a	../calibration-360-v46-teacher/r2v3-cal-Town10HD-turn_left_right-hard-seed_a
./legacy-active/docs/runtime-evidence/r2-v3-formal/calibration-360-v48-combined/r2v3-cal-Town10HD-turn_left_right-hard-seed_b	../calibration-360-v46-teacher/r2v3-cal-Town10HD-turn_left_right-hard-seed_b
./legacy-active/docs/runtime-evidence/r2-v3-formal/calibration-360-v48-combined/r2v3-cal-Town10HD-turn_left_right-medium-seed_a	../calibration-360-v46-teacher/r2v3-cal-Town10HD-turn_left_right-medium-seed_a
./legacy-active/docs/runtime-evidence/r2-v3-formal/calibration-360-v48-combined/r2v3-cal-Town10HD-turn_left_right-medium-seed_b	../calibration-360-v46-teacher/r2v3-cal-Town10HD-turn_left_right-medium-seed_b
./legacy-active/docs/runtime-evidence/r2-v3-formal/calibration-360-v48-combined/r2v3-cal-Town10HD-turn_left_right-mild-seed_a	../calibration-360-v46-teacher/r2v3-cal-Town10HD-turn_left_right-mild-seed_a
./legacy-active/docs/runtime-evidence/r2-v3-formal/calibration-360-v48-combined/r2v3-cal-Town10HD-turn_left_right-mild-seed_b	../calibration-360-v46-teacher/r2v3-cal-Town10HD-turn_left_right-mild-seed_b
./legacy-active/docs/runtime-evidence/r2-v3-formal/calibration-360-v48-combined/r2v3-cal-Town12-crossing_turn_yield-hard-seed_a	../calibration-360-v46-teacher/r2v3-cal-Town12-crossing_turn_yield-hard-seed_a
./legacy-active/docs/runtime-evidence/r2-v3-formal/calibration-360-v48-combined/r2v3-cal-Town12-crossing_turn_yield-hard-seed_b	../calibration-360-v46-teacher/r2v3-cal-Town12-crossing_turn_yield-hard-seed_b
./legacy-active/docs/runtime-evidence/r2-v3-formal/calibration-360-v48-combined/r2v3-cal-Town12-crossing_turn_yield-medium-seed_a	../calibration-360-v46-teacher/r2v3-cal-Town12-crossing_turn_yield-medium-seed_a
./legacy-active/docs/runtime-evidence/r2-v3-formal/calibration-360-v48-combined/r2v3-cal-Town12-crossing_turn_yield-medium-seed_b	../calibration-360-v46-teacher/r2v3-cal-Town12-crossing_turn_yield-medium-seed_b
./legacy-active/docs/runtime-evidence/r2-v3-formal/calibration-360-v48-combined/r2v3-cal-Town12-crossing_turn_yield-mild-seed_a	../calibration-360-v46-teacher/r2v3-cal-Town12-crossing_turn_yield-mild-seed_a
./legacy-active/docs/runtime-evidence/r2-v3-formal/calibration-360-v48-combined/r2v3-cal-Town12-crossing_turn_yield-mild-seed_b	../calibration-360-v46-teacher/r2v3-cal-Town12-crossing_turn_yield-mild-seed_b
./legacy-active/docs/runtime-evidence/r2-v3-formal/calibration-360-v48-combined/r2v3-cal-Town12-cut_in_left-hard-seed_a	../calibration-360-v46-teacher/r2v3-cal-Town12-cut_in_left-hard-seed_a
./legacy-active/docs/runtime-evidence/r2-v3-formal/calibration-360-v48-combined/r2v3-cal-Town12-cut_in_left-hard-seed_b	../calibration-360-v46-teacher/r2v3-cal-Town12-cut_in_left-hard-seed_b
./legacy-active/docs/runtime-evidence/r2-v3-formal/calibration-360-v48-combined/r2v3-cal-Town12-cut_in_left-medium-seed_a	../calibration-360-v46-teacher/r2v3-cal-Town12-cut_in_left-medium-seed_a
./legacy-active/docs/runtime-evidence/r2-v3-formal/calibration-360-v48-combined/r2v3-cal-Town12-cut_in_left-medium-seed_b	../calibration-360-v46-teacher/r2v3-cal-Town12-cut_in_left-medium-seed_b
./legacy-active/docs/runtime-evidence/r2-v3-formal/calibration-360-v48-combined/r2v3-cal-Town12-cut_in_left-mild-seed_a	../calibration-360-v46-teacher/r2v3-cal-Town12-cut_in_left-mild-seed_a
./legacy-active/docs/runtime-evidence/r2-v3-formal/calibration-360-v48-combined/r2v3-cal-Town12-cut_in_left-mild-seed_b	../calibration-360-v46-teacher/r2v3-cal-Town12-cut_in_left-mild-seed_b
./legacy-active/docs/runtime-evidence/r2-v3-formal/calibration-360-v48-combined/r2v3-cal-Town12-cut_in_right-hard-seed_a	../calibration-360-v46-teacher/r2v3-cal-Town12-cut_in_right-hard-seed_a
./legacy-active/docs/runtime-evidence/r2-v3-formal/calibration-360-v48-combined/r2v3-cal-Town12-cut_in_right-hard-seed_b	../calibration-360-v46-teacher/r2v3-cal-Town12-cut_in_right-hard-seed_b
./legacy-active/docs/runtime-evidence/r2-v3-formal/calibration-360-v48-combined/r2v3-cal-Town12-cut_in_right-medium-seed_a	../calibration-360-v46-teacher/r2v3-cal-Town12-cut_in_right-medium-seed_a
./legacy-active/docs/runtime-evidence/r2-v3-formal/calibration-360-v48-combined/r2v3-cal-Town12-cut_in_right-medium-seed_b	../calibration-360-v46-teacher/r2v3-cal-Town12-cut_in_right-medium-seed_b
./legacy-active/docs/runtime-evidence/r2-v3-formal/calibration-360-v48-combined/r2v3-cal-Town12-cut_in_right-mild-seed_a	../calibration-360-v46-teacher/r2v3-cal-Town12-cut_in_right-mild-seed_a
./legacy-active/docs/runtime-evidence/r2-v3-formal/calibration-360-v48-combined/r2v3-cal-Town12-cut_in_right-mild-seed_b	../calibration-360-v46-teacher/r2v3-cal-Town12-cut_in_right-mild-seed_b
./legacy-active/docs/runtime-evidence/r2-v3-formal/calibration-360-v48-combined/r2v3-cal-Town12-follow_stop-hard-seed_a	../calibration-360-v46-teacher/r2v3-cal-Town12-follow_stop-hard-seed_a
./legacy-active/docs/runtime-evidence/r2-v3-formal/calibration-360-v48-combined/r2v3-cal-Town12-follow_stop-hard-seed_b	../calibration-360-v46-teacher/r2v3-cal-Town12-follow_stop-hard-seed_b
./legacy-active/docs/runtime-evidence/r2-v3-formal/calibration-360-v48-combined/r2v3-cal-Town12-follow_stop-medium-seed_a	../calibration-360-v46-teacher/r2v3-cal-Town12-follow_stop-medium-seed_a
./legacy-active/docs/runtime-evidence/r2-v3-formal/calibration-360-v48-combined/r2v3-cal-Town12-follow_stop-medium-seed_b	../calibration-360-v46-teacher/r2v3-cal-Town12-follow_stop-medium-seed_b
./legacy-active/docs/runtime-evidence/r2-v3-formal/calibration-360-v48-combined/r2v3-cal-Town12-follow_stop-mild-seed_a	../calibration-360-v46-teacher/r2v3-cal-Town12-follow_stop-mild-seed_a
./legacy-active/docs/runtime-evidence/r2-v3-formal/calibration-360-v48-combined/r2v3-cal-Town12-follow_stop-mild-seed_b	../calibration-360-v46-teacher/r2v3-cal-Town12-follow_stop-mild-seed_b
./legacy-active/docs/runtime-evidence/r2-v3-formal/calibration-360-v48-combined/r2v3-cal-Town12-junction_straight-hard-seed_a	../calibration-360-v46-teacher/r2v3-cal-Town12-junction_straight-hard-seed_a
./legacy-active/docs/runtime-evidence/r2-v3-formal/calibration-360-v48-combined/r2v3-cal-Town12-junction_straight-hard-seed_b	../calibration-360-v46-teacher/r2v3-cal-Town12-junction_straight-hard-seed_b
./legacy-active/docs/runtime-evidence/r2-v3-formal/calibration-360-v48-combined/r2v3-cal-Town12-junction_straight-medium-seed_a	../calibration-360-v46-teacher/r2v3-cal-Town12-junction_straight-medium-seed_a
./legacy-active/docs/runtime-evidence/r2-v3-formal/calibration-360-v48-combined/r2v3-cal-Town12-junction_straight-medium-seed_b	../calibration-360-v46-teacher/r2v3-cal-Town12-junction_straight-medium-seed_b
./legacy-active/docs/runtime-evidence/r2-v3-formal/calibration-360-v48-combined/r2v3-cal-Town12-junction_straight-mild-seed_a	../calibration-360-v46-teacher/r2v3-cal-Town12-junction_straight-mild-seed_a
./legacy-active/docs/runtime-evidence/r2-v3-formal/calibration-360-v48-combined/r2v3-cal-Town12-junction_straight-mild-seed_b	../calibration-360-v46-teacher/r2v3-cal-Town12-junction_straight-mild-seed_b
./legacy-active/docs/runtime-evidence/r2-v3-formal/calibration-360-v48-combined/r2v3-cal-Town12-merge_yield-hard-seed_a	../calibration-360-v46-teacher/r2v3-cal-Town12-merge_yield-hard-seed_a
./legacy-active/docs/runtime-evidence/r2-v3-formal/calibration-360-v48-combined/r2v3-cal-Town12-merge_yield-hard-seed_b	../calibration-360-v46-teacher/r2v3-cal-Town12-merge_yield-hard-seed_b
./legacy-active/docs/runtime-evidence/r2-v3-formal/calibration-360-v48-combined/r2v3-cal-Town12-merge_yield-medium-seed_a	../calibration-360-v46-teacher/r2v3-cal-Town12-merge_yield-medium-seed_a
./legacy-active/docs/runtime-evidence/r2-v3-formal/calibration-360-v48-combined/r2v3-cal-Town12-merge_yield-medium-seed_b	../calibration-360-v46-teacher/r2v3-cal-Town12-merge_yield-medium-seed_b
./legacy-active/docs/runtime-evidence/r2-v3-formal/calibration-360-v48-combined/r2v3-cal-Town12-merge_yield-mild-seed_a	../calibration-360-v46-teacher/r2v3-cal-Town12-merge_yield-mild-seed_a
./legacy-active/docs/runtime-evidence/r2-v3-formal/calibration-360-v48-combined/r2v3-cal-Town12-merge_yield-mild-seed_b	../calibration-360-v46-teacher/r2v3-cal-Town12-merge_yield-mild-seed_b
./legacy-active/docs/runtime-evidence/r2-v3-formal/calibration-360-v48-combined/r2v3-cal-Town12-overtake_left-hard-seed_a	../calibration-360-v46-teacher/r2v3-cal-Town12-overtake_left-hard-seed_a
./legacy-active/docs/runtime-evidence/r2-v3-formal/calibration-360-v48-combined/r2v3-cal-Town12-overtake_left-hard-seed_b	../calibration-360-v46-teacher/r2v3-cal-Town12-overtake_left-hard-seed_b
./legacy-active/docs/runtime-evidence/r2-v3-formal/calibration-360-v48-combined/r2v3-cal-Town12-overtake_left-medium-seed_a	../calibration-360-v46-teacher/r2v3-cal-Town12-overtake_left-medium-seed_a
./legacy-active/docs/runtime-evidence/r2-v3-formal/calibration-360-v48-combined/r2v3-cal-Town12-overtake_left-medium-seed_b	../calibration-360-v46-teacher/r2v3-cal-Town12-overtake_left-medium-seed_b
./legacy-active/docs/runtime-evidence/r2-v3-formal/calibration-360-v48-combined/r2v3-cal-Town12-overtake_left-mild-seed_a	../calibration-360-v46-teacher/r2v3-cal-Town12-overtake_left-mild-seed_a
./legacy-active/docs/runtime-evidence/r2-v3-formal/calibration-360-v48-combined/r2v3-cal-Town12-overtake_left-mild-seed_b	../calibration-360-v46-teacher/r2v3-cal-Town12-overtake_left-mild-seed_b
./legacy-active/docs/runtime-evidence/r2-v3-formal/calibration-360-v48-combined/r2v3-cal-Town12-overtake_right-hard-seed_a	../calibration-360-v46-teacher/r2v3-cal-Town12-overtake_right-hard-seed_a
./legacy-active/docs/runtime-evidence/r2-v3-formal/calibration-360-v48-combined/r2v3-cal-Town12-overtake_right-hard-seed_b	../calibration-360-v46-teacher/r2v3-cal-Town12-overtake_right-hard-seed_b
./legacy-active/docs/runtime-evidence/r2-v3-formal/calibration-360-v48-combined/r2v3-cal-Town12-overtake_right-medium-seed_a	../calibration-360-v46-teacher/r2v3-cal-Town12-overtake_right-medium-seed_a
./legacy-active/docs/runtime-evidence/r2-v3-formal/calibration-360-v48-combined/r2v3-cal-Town12-overtake_right-medium-seed_b	../calibration-360-v46-teacher/r2v3-cal-Town12-overtake_right-medium-seed_b
./legacy-active/docs/runtime-evidence/r2-v3-formal/calibration-360-v48-combined/r2v3-cal-Town12-overtake_right-mild-seed_a	../calibration-360-v46-teacher/r2v3-cal-Town12-overtake_right-mild-seed_a
./legacy-active/docs/runtime-evidence/r2-v3-formal/calibration-360-v48-combined/r2v3-cal-Town12-overtake_right-mild-seed_b	../calibration-360-v46-teacher/r2v3-cal-Town12-overtake_right-mild-seed_b
./legacy-active/docs/runtime-evidence/r2-v3-formal/calibration-360-v48-combined/r2v3-cal-Town12-route_change_left_right-hard-seed_a	../calibration-360-v46-teacher/r2v3-cal-Town12-route_change_left_right-hard-seed_a
./legacy-active/docs/runtime-evidence/r2-v3-formal/calibration-360-v48-combined/r2v3-cal-Town12-route_change_left_right-hard-seed_b	../calibration-360-v46-teacher/r2v3-cal-Town12-route_change_left_right-hard-seed_b
./legacy-active/docs/runtime-evidence/r2-v3-formal/calibration-360-v48-combined/r2v3-cal-Town12-route_change_left_right-medium-seed_a	../calibration-360-v46-teacher/r2v3-cal-Town12-route_change_left_right-medium-seed_a
./legacy-active/docs/runtime-evidence/r2-v3-formal/calibration-360-v48-combined/r2v3-cal-Town12-route_change_left_right-medium-seed_b	../calibration-360-v46-teacher/r2v3-cal-Town12-route_change_left_right-medium-seed_b
./legacy-active/docs/runtime-evidence/r2-v3-formal/calibration-360-v48-combined/r2v3-cal-Town12-route_change_left_right-mild-seed_a	../calibration-360-v46-teacher/r2v3-cal-Town12-route_change_left_right-mild-seed_a
./legacy-active/docs/runtime-evidence/r2-v3-formal/calibration-360-v48-combined/r2v3-cal-Town12-route_change_left_right-mild-seed_b	../calibration-360-v46-teacher/r2v3-cal-Town12-route_change_left_right-mild-seed_b
./legacy-active/docs/runtime-evidence/r2-v3-formal/calibration-360-v48-combined/r2v3-cal-Town12-straight_curve-hard-seed_a	../calibration-360-v46-teacher/r2v3-cal-Town12-straight_curve-hard-seed_a
./legacy-active/docs/runtime-evidence/r2-v3-formal/calibration-360-v48-combined/r2v3-cal-Town12-straight_curve-hard-seed_b	../calibration-360-v46-teacher/r2v3-cal-Town12-straight_curve-hard-seed_b
./legacy-active/docs/runtime-evidence/r2-v3-formal/calibration-360-v48-combined/r2v3-cal-Town12-straight_curve-medium-seed_a	../calibration-360-v46-teacher/r2v3-cal-Town12-straight_curve-medium-seed_a
./legacy-active/docs/runtime-evidence/r2-v3-formal/calibration-360-v48-combined/r2v3-cal-Town12-straight_curve-medium-seed_b	../calibration-360-v46-teacher/r2v3-cal-Town12-straight_curve-medium-seed_b
./legacy-active/docs/runtime-evidence/r2-v3-formal/calibration-360-v48-combined/r2v3-cal-Town12-straight_curve-mild-seed_a	../calibration-360-v46-teacher/r2v3-cal-Town12-straight_curve-mild-seed_a
./legacy-active/docs/runtime-evidence/r2-v3-formal/calibration-360-v48-combined/r2v3-cal-Town12-straight_curve-mild-seed_b	../calibration-360-v46-teacher/r2v3-cal-Town12-straight_curve-mild-seed_b
./legacy-active/docs/runtime-evidence/r2-v3-formal/calibration-360-v48-combined/r2v3-cal-Town12-traffic_control-hard-seed_a	../calibration-360-v46-teacher/r2v3-cal-Town12-traffic_control-hard-seed_a
./legacy-active/docs/runtime-evidence/r2-v3-formal/calibration-360-v48-combined/r2v3-cal-Town12-traffic_control-hard-seed_b	../calibration-360-v46-teacher/r2v3-cal-Town12-traffic_control-hard-seed_b
./legacy-active/docs/runtime-evidence/r2-v3-formal/calibration-360-v48-combined/r2v3-cal-Town12-traffic_control-medium-seed_a	../calibration-360-v46-teacher/r2v3-cal-Town12-traffic_control-medium-seed_a
./legacy-active/docs/runtime-evidence/r2-v3-formal/calibration-360-v48-combined/r2v3-cal-Town12-traffic_control-medium-seed_b	../calibration-360-v46-teacher/r2v3-cal-Town12-traffic_control-medium-seed_b
./legacy-active/docs/runtime-evidence/r2-v3-formal/calibration-360-v48-combined/r2v3-cal-Town12-traffic_control-mild-seed_a	../calibration-360-v46-teacher/r2v3-cal-Town12-traffic_control-mild-seed_a
./legacy-active/docs/runtime-evidence/r2-v3-formal/calibration-360-v48-combined/r2v3-cal-Town12-traffic_control-mild-seed_b	../calibration-360-v46-teacher/r2v3-cal-Town12-traffic_control-mild-seed_b
./legacy-active/docs/runtime-evidence/r2-v3-formal/calibration-360-v48-combined/r2v3-cal-Town12-turn_left_right-hard-seed_a	../calibration-360-v46-teacher/r2v3-cal-Town12-turn_left_right-hard-seed_a
./legacy-active/docs/runtime-evidence/r2-v3-formal/calibration-360-v48-combined/r2v3-cal-Town12-turn_left_right-hard-seed_b	../calibration-360-v46-teacher/r2v3-cal-Town12-turn_left_right-hard-seed_b
./legacy-active/docs/runtime-evidence/r2-v3-formal/calibration-360-v48-combined/r2v3-cal-Town12-turn_left_right-medium-seed_a	../calibration-360-v46-teacher/r2v3-cal-Town12-turn_left_right-medium-seed_a
./legacy-active/docs/runtime-evidence/r2-v3-formal/calibration-360-v48-combined/r2v3-cal-Town12-turn_left_right-medium-seed_b	../calibration-360-v46-teacher/r2v3-cal-Town12-turn_left_right-medium-seed_b
./legacy-active/docs/runtime-evidence/r2-v3-formal/calibration-360-v48-combined/r2v3-cal-Town12-turn_left_right-mild-seed_a	../calibration-360-v46-teacher/r2v3-cal-Town12-turn_left_right-mild-seed_a
./legacy-active/docs/runtime-evidence/r2-v3-formal/calibration-360-v48-combined/r2v3-cal-Town12-turn_left_right-mild-seed_b	../calibration-360-v46-teacher/r2v3-cal-Town12-turn_left_right-mild-seed_b
./legacy-active/docs/runtime-evidence/r2-v3-formal/calibration-360-v48-teacher/Town05/r2v3-cal-Town05-crossing_turn_yield-hard-seed_a	../../calibration-360-v46-teacher/r2v3-cal-Town05-crossing_turn_yield-hard-seed_a
./legacy-active/docs/runtime-evidence/r2-v3-formal/calibration-360-v48-teacher/Town05/r2v3-cal-Town05-crossing_turn_yield-hard-seed_b	../../calibration-360-v46-teacher/r2v3-cal-Town05-crossing_turn_yield-hard-seed_b
./legacy-active/docs/runtime-evidence/r2-v3-formal/calibration-360-v48-teacher/Town05/r2v3-cal-Town05-crossing_turn_yield-medium-seed_a	../../calibration-360-v46-teacher/r2v3-cal-Town05-crossing_turn_yield-medium-seed_a
./legacy-active/docs/runtime-evidence/r2-v3-formal/calibration-360-v48-teacher/Town05/r2v3-cal-Town05-crossing_turn_yield-medium-seed_b	../../calibration-360-v46-teacher/r2v3-cal-Town05-crossing_turn_yield-medium-seed_b
./legacy-active/docs/runtime-evidence/r2-v3-formal/calibration-360-v48-teacher/Town05/r2v3-cal-Town05-crossing_turn_yield-mild-seed_a	../../calibration-360-v46-teacher/r2v3-cal-Town05-crossing_turn_yield-mild-seed_a
./legacy-active/docs/runtime-evidence/r2-v3-formal/calibration-360-v48-teacher/Town05/r2v3-cal-Town05-crossing_turn_yield-mild-seed_b	../../calibration-360-v46-teacher/r2v3-cal-Town05-crossing_turn_yield-mild-seed_b
./legacy-active/docs/runtime-evidence/r2-v3-formal/calibration-360-v48-teacher/Town05/r2v3-cal-Town05-cut_in_left-hard-seed_a	../../calibration-360-v46-teacher/r2v3-cal-Town05-cut_in_left-hard-seed_a
./legacy-active/docs/runtime-evidence/r2-v3-formal/calibration-360-v48-teacher/Town05/r2v3-cal-Town05-cut_in_left-hard-seed_b	../../calibration-360-v46-teacher/r2v3-cal-Town05-cut_in_left-hard-seed_b
./legacy-active/docs/runtime-evidence/r2-v3-formal/calibration-360-v48-teacher/Town05/r2v3-cal-Town05-cut_in_left-medium-seed_a	../../calibration-360-v46-teacher/r2v3-cal-Town05-cut_in_left-medium-seed_a
./legacy-active/docs/runtime-evidence/r2-v3-formal/calibration-360-v48-teacher/Town05/r2v3-cal-Town05-cut_in_left-medium-seed_b	../../calibration-360-v46-teacher/r2v3-cal-Town05-cut_in_left-medium-seed_b
./legacy-active/docs/runtime-evidence/r2-v3-formal/calibration-360-v48-teacher/Town05/r2v3-cal-Town05-cut_in_left-mild-seed_a	../../calibration-360-v46-teacher/r2v3-cal-Town05-cut_in_left-mild-seed_a
./legacy-active/docs/runtime-evidence/r2-v3-formal/calibration-360-v48-teacher/Town05/r2v3-cal-Town05-cut_in_left-mild-seed_b	../../calibration-360-v46-teacher/r2v3-cal-Town05-cut_in_left-mild-seed_b
./legacy-active/docs/runtime-evidence/r2-v3-formal/calibration-360-v48-teacher/Town05/r2v3-cal-Town05-cut_in_right-hard-seed_a	../../calibration-360-v46-teacher/r2v3-cal-Town05-cut_in_right-hard-seed_a
./legacy-active/docs/runtime-evidence/r2-v3-formal/calibration-360-v48-teacher/Town05/r2v3-cal-Town05-cut_in_right-hard-seed_b	../../calibration-360-v46-teacher/r2v3-cal-Town05-cut_in_right-hard-seed_b
./legacy-active/docs/runtime-evidence/r2-v3-formal/calibration-360-v48-teacher/Town05/r2v3-cal-Town05-cut_in_right-medium-seed_a	../../calibration-360-v46-teacher/r2v3-cal-Town05-cut_in_right-medium-seed_a
./legacy-active/docs/runtime-evidence/r2-v3-formal/calibration-360-v48-teacher/Town05/r2v3-cal-Town05-cut_in_right-medium-seed_b	../../calibration-360-v46-teacher/r2v3-cal-Town05-cut_in_right-medium-seed_b
./legacy-active/docs/runtime-evidence/r2-v3-formal/calibration-360-v48-teacher/Town05/r2v3-cal-Town05-cut_in_right-mild-seed_a	../../calibration-360-v46-teacher/r2v3-cal-Town05-cut_in_right-mild-seed_a
./legacy-active/docs/runtime-evidence/r2-v3-formal/calibration-360-v48-teacher/Town05/r2v3-cal-Town05-cut_in_right-mild-seed_b	../../calibration-360-v46-teacher/r2v3-cal-Town05-cut_in_right-mild-seed_b
./legacy-active/docs/runtime-evidence/r2-v3-formal/calibration-360-v48-teacher/Town05/r2v3-cal-Town05-follow_stop-hard-seed_a	../../calibration-360-v46-teacher/r2v3-cal-Town05-follow_stop-hard-seed_a
./legacy-active/docs/runtime-evidence/r2-v3-formal/calibration-360-v48-teacher/Town05/r2v3-cal-Town05-follow_stop-hard-seed_b	../../calibration-360-v46-teacher/r2v3-cal-Town05-follow_stop-hard-seed_b
./legacy-active/docs/runtime-evidence/r2-v3-formal/calibration-360-v48-teacher/Town05/r2v3-cal-Town05-follow_stop-medium-seed_a	../../calibration-360-v46-teacher/r2v3-cal-Town05-follow_stop-medium-seed_a
./legacy-active/docs/runtime-evidence/r2-v3-formal/calibration-360-v48-teacher/Town05/r2v3-cal-Town05-follow_stop-medium-seed_b	../../calibration-360-v46-teacher/r2v3-cal-Town05-follow_stop-medium-seed_b
./legacy-active/docs/runtime-evidence/r2-v3-formal/calibration-360-v48-teacher/Town05/r2v3-cal-Town05-follow_stop-mild-seed_a	../../calibration-360-v46-teacher/r2v3-cal-Town05-follow_stop-mild-seed_a
./legacy-active/docs/runtime-evidence/r2-v3-formal/calibration-360-v48-teacher/Town05/r2v3-cal-Town05-follow_stop-mild-seed_b	../../calibration-360-v46-teacher/r2v3-cal-Town05-follow_stop-mild-seed_b
./legacy-active/docs/runtime-evidence/r2-v3-formal/calibration-360-v48-teacher/Town05/r2v3-cal-Town05-junction_straight-hard-seed_a	../../calibration-360-v46-teacher/r2v3-cal-Town05-junction_straight-hard-seed_a
./legacy-active/docs/runtime-evidence/r2-v3-formal/calibration-360-v48-teacher/Town05/r2v3-cal-Town05-junction_straight-hard-seed_b	../../calibration-360-v46-teacher/r2v3-cal-Town05-junction_straight-hard-seed_b
./legacy-active/docs/runtime-evidence/r2-v3-formal/calibration-360-v48-teacher/Town05/r2v3-cal-Town05-junction_straight-medium-seed_a	../../calibration-360-v46-teacher/r2v3-cal-Town05-junction_straight-medium-seed_a
./legacy-active/docs/runtime-evidence/r2-v3-formal/calibration-360-v48-teacher/Town05/r2v3-cal-Town05-junction_straight-medium-seed_b	../../calibration-360-v46-teacher/r2v3-cal-Town05-junction_straight-medium-seed_b
./legacy-active/docs/runtime-evidence/r2-v3-formal/calibration-360-v48-teacher/Town05/r2v3-cal-Town05-junction_straight-mild-seed_a	../../calibration-360-v46-teacher/r2v3-cal-Town05-junction_straight-mild-seed_a
./legacy-active/docs/runtime-evidence/r2-v3-formal/calibration-360-v48-teacher/Town05/r2v3-cal-Town05-junction_straight-mild-seed_b	../../calibration-360-v46-teacher/r2v3-cal-Town05-junction_straight-mild-seed_b
./legacy-active/docs/runtime-evidence/r2-v3-formal/calibration-360-v48-teacher/Town05/r2v3-cal-Town05-merge_yield-hard-seed_a	../../calibration-360-v46-teacher/r2v3-cal-Town05-merge_yield-hard-seed_a
./legacy-active/docs/runtime-evidence/r2-v3-formal/calibration-360-v48-teacher/Town05/r2v3-cal-Town05-merge_yield-hard-seed_b	../../calibration-360-v46-teacher/r2v3-cal-Town05-merge_yield-hard-seed_b
./legacy-active/docs/runtime-evidence/r2-v3-formal/calibration-360-v48-teacher/Town05/r2v3-cal-Town05-merge_yield-medium-seed_a	../../calibration-360-v46-teacher/r2v3-cal-Town05-merge_yield-medium-seed_a
./legacy-active/docs/runtime-evidence/r2-v3-formal/calibration-360-v48-teacher/Town05/r2v3-cal-Town05-merge_yield-medium-seed_b	../../calibration-360-v46-teacher/r2v3-cal-Town05-merge_yield-medium-seed_b
./legacy-active/docs/runtime-evidence/r2-v3-formal/calibration-360-v48-teacher/Town05/r2v3-cal-Town05-merge_yield-mild-seed_a	../../calibration-360-v46-teacher/r2v3-cal-Town05-merge_yield-mild-seed_a
./legacy-active/docs/runtime-evidence/r2-v3-formal/calibration-360-v48-teacher/Town05/r2v3-cal-Town05-merge_yield-mild-seed_b	../../calibration-360-v46-teacher/r2v3-cal-Town05-merge_yield-mild-seed_b
./legacy-active/docs/runtime-evidence/r2-v3-formal/calibration-360-v48-teacher/Town05/r2v3-cal-Town05-overtake_left-hard-seed_a	../../calibration-360-v46-teacher/r2v3-cal-Town05-overtake_left-hard-seed_a
./legacy-active/docs/runtime-evidence/r2-v3-formal/calibration-360-v48-teacher/Town05/r2v3-cal-Town05-overtake_left-hard-seed_b	../../calibration-360-v46-teacher/r2v3-cal-Town05-overtake_left-hard-seed_b
./legacy-active/docs/runtime-evidence/r2-v3-formal/calibration-360-v48-teacher/Town05/r2v3-cal-Town05-overtake_left-medium-seed_a	../../calibration-360-v46-teacher/r2v3-cal-Town05-overtake_left-medium-seed_a
./legacy-active/docs/runtime-evidence/r2-v3-formal/calibration-360-v48-teacher/Town05/r2v3-cal-Town05-overtake_left-medium-seed_b	../../calibration-360-v46-teacher/r2v3-cal-Town05-overtake_left-medium-seed_b
./legacy-active/docs/runtime-evidence/r2-v3-formal/calibration-360-v48-teacher/Town05/r2v3-cal-Town05-overtake_left-mild-seed_a	../../calibration-360-v46-teacher/r2v3-cal-Town05-overtake_left-mild-seed_a
./legacy-active/docs/runtime-evidence/r2-v3-formal/calibration-360-v48-teacher/Town05/r2v3-cal-Town05-overtake_left-mild-seed_b	../../calibration-360-v46-teacher/r2v3-cal-Town05-overtake_left-mild-seed_b
./legacy-active/docs/runtime-evidence/r2-v3-formal/calibration-360-v48-teacher/Town05/r2v3-cal-Town05-overtake_right-hard-seed_a	../../calibration-360-v46-teacher/r2v3-cal-Town05-overtake_right-hard-seed_a
./legacy-active/docs/runtime-evidence/r2-v3-formal/calibration-360-v48-teacher/Town05/r2v3-cal-Town05-overtake_right-hard-seed_b	../../calibration-360-v46-teacher/r2v3-cal-Town05-overtake_right-hard-seed_b
./legacy-active/docs/runtime-evidence/r2-v3-formal/calibration-360-v48-teacher/Town05/r2v3-cal-Town05-overtake_right-medium-seed_a	../../calibration-360-v46-teacher/r2v3-cal-Town05-overtake_right-medium-seed_a
./legacy-active/docs/runtime-evidence/r2-v3-formal/calibration-360-v48-teacher/Town05/r2v3-cal-Town05-overtake_right-medium-seed_b	../../calibration-360-v46-teacher/r2v3-cal-Town05-overtake_right-medium-seed_b
./legacy-active/docs/runtime-evidence/r2-v3-formal/calibration-360-v48-teacher/Town05/r2v3-cal-Town05-overtake_right-mild-seed_a	../../calibration-360-v46-teacher/r2v3-cal-Town05-overtake_right-mild-seed_a
./legacy-active/docs/runtime-evidence/r2-v3-formal/calibration-360-v48-teacher/Town05/r2v3-cal-Town05-overtake_right-mild-seed_b	../../calibration-360-v46-teacher/r2v3-cal-Town05-overtake_right-mild-seed_b
./legacy-active/docs/runtime-evidence/r2-v3-formal/calibration-360-v48-teacher/Town05/r2v3-cal-Town05-route_change_left_right-hard-seed_a	../../calibration-360-v46-teacher/r2v3-cal-Town05-route_change_left_right-hard-seed_a
./legacy-active/docs/runtime-evidence/r2-v3-formal/calibration-360-v48-teacher/Town05/r2v3-cal-Town05-route_change_left_right-hard-seed_b	../../calibration-360-v46-teacher/r2v3-cal-Town05-route_change_left_right-hard-seed_b
./legacy-active/docs/runtime-evidence/r2-v3-formal/calibration-360-v48-teacher/Town05/r2v3-cal-Town05-route_change_left_right-medium-seed_a	../../calibration-360-v46-teacher/r2v3-cal-Town05-route_change_left_right-medium-seed_a
./legacy-active/docs/runtime-evidence/r2-v3-formal/calibration-360-v48-teacher/Town05/r2v3-cal-Town05-route_change_left_right-medium-seed_b	../../calibration-360-v46-teacher/r2v3-cal-Town05-route_change_left_right-medium-seed_b
./legacy-active/docs/runtime-evidence/r2-v3-formal/calibration-360-v48-teacher/Town05/r2v3-cal-Town05-route_change_left_right-mild-seed_a	../../calibration-360-v46-teacher/r2v3-cal-Town05-route_change_left_right-mild-seed_a
./legacy-active/docs/runtime-evidence/r2-v3-formal/calibration-360-v48-teacher/Town05/r2v3-cal-Town05-route_change_left_right-mild-seed_b	../../calibration-360-v46-teacher/r2v3-cal-Town05-route_change_left_right-mild-seed_b
./legacy-active/docs/runtime-evidence/r2-v3-formal/calibration-360-v48-teacher/Town05/r2v3-cal-Town05-straight_curve-hard-seed_a	../../calibration-360-v46-teacher/r2v3-cal-Town05-straight_curve-hard-seed_a
./legacy-active/docs/runtime-evidence/r2-v3-formal/calibration-360-v48-teacher/Town05/r2v3-cal-Town05-straight_curve-hard-seed_b	../../calibration-360-v46-teacher/r2v3-cal-Town05-straight_curve-hard-seed_b
./legacy-active/docs/runtime-evidence/r2-v3-formal/calibration-360-v48-teacher/Town05/r2v3-cal-Town05-straight_curve-medium-seed_a	../../calibration-360-v46-teacher/r2v3-cal-Town05-straight_curve-medium-seed_a
./legacy-active/docs/runtime-evidence/r2-v3-formal/calibration-360-v48-teacher/Town05/r2v3-cal-Town05-straight_curve-medium-seed_b	../../calibration-360-v46-teacher/r2v3-cal-Town05-straight_curve-medium-seed_b
./legacy-active/docs/runtime-evidence/r2-v3-formal/calibration-360-v48-teacher/Town05/r2v3-cal-Town05-straight_curve-mild-seed_a	../../calibration-360-v46-teacher/r2v3-cal-Town05-straight_curve-mild-seed_a
./legacy-active/docs/runtime-evidence/r2-v3-formal/calibration-360-v48-teacher/Town05/r2v3-cal-Town05-straight_curve-mild-seed_b	../../calibration-360-v46-teacher/r2v3-cal-Town05-straight_curve-mild-seed_b
./legacy-active/docs/runtime-evidence/r2-v3-formal/calibration-360-v48-teacher/Town05/r2v3-cal-Town05-turn_left_right-hard-seed_a	../../calibration-360-v46-teacher/r2v3-cal-Town05-turn_left_right-hard-seed_a
./legacy-active/docs/runtime-evidence/r2-v3-formal/calibration-360-v48-teacher/Town05/r2v3-cal-Town05-turn_left_right-hard-seed_b	../../calibration-360-v46-teacher/r2v3-cal-Town05-turn_left_right-hard-seed_b
./legacy-active/docs/runtime-evidence/r2-v3-formal/calibration-360-v48-teacher/Town05/r2v3-cal-Town05-turn_left_right-medium-seed_a	../../calibration-360-v46-teacher/r2v3-cal-Town05-turn_left_right-medium-seed_a
./legacy-active/docs/runtime-evidence/r2-v3-formal/calibration-360-v48-teacher/Town05/r2v3-cal-Town05-turn_left_right-medium-seed_b	../../calibration-360-v46-teacher/r2v3-cal-Town05-turn_left_right-medium-seed_b
./legacy-active/docs/runtime-evidence/r2-v3-formal/calibration-360-v48-teacher/Town05/r2v3-cal-Town05-turn_left_right-mild-seed_a	../../calibration-360-v46-teacher/r2v3-cal-Town05-turn_left_right-mild-seed_a
./legacy-active/docs/runtime-evidence/r2-v3-formal/calibration-360-v48-teacher/Town05/r2v3-cal-Town05-turn_left_right-mild-seed_b	../../calibration-360-v46-teacher/r2v3-cal-Town05-turn_left_right-mild-seed_b
